-- phpMyAdmin SQL Dump
-- version 4.2.7.1
-- http://www.phpmyadmin.net
--
-- Host: 127.0.0.1
-- Generation Time: Dec 04, 2019 at 07:57 AM
-- Server version: 5.5.39
-- PHP Version: 5.4.31

SET SQL_MODE = "NO_AUTO_VALUE_ON_ZERO";
SET time_zone = "+00:00";


/*!40101 SET @OLD_CHARACTER_SET_CLIENT=@@CHARACTER_SET_CLIENT */;
/*!40101 SET @OLD_CHARACTER_SET_RESULTS=@@CHARACTER_SET_RESULTS */;
/*!40101 SET @OLD_COLLATION_CONNECTION=@@COLLATION_CONNECTION */;
/*!40101 SET NAMES utf8 */;

--
-- Database: `aias`
--

-- --------------------------------------------------------

--
-- Table structure for table `admission`
--

CREATE TABLE IF NOT EXISTS `admission` (
  `year` year(4) NOT NULL,
  `schoolcode` varchar(6) NOT NULL,
  `deptcode` varchar(7) NOT NULL,
  `majorname` varchar(50) NOT NULL,
  `noofstudent` varchar(11) NOT NULL,
  `semester` varchar(10) NOT NULL,
  `slot` int(11) NOT NULL
) ENGINE=InnoDB DEFAULT CHARSET=latin1;

--
-- Dumping data for table `admission`
--

INSERT INTO `admission` (`year`, `schoolcode`, `deptcode`, `majorname`, `noofstudent`, `semester`, `slot`) VALUES
(2013, 'SECS', 'CSE', 'BSc - Computer Engineering', '69', 'Summer', 1),
(2013, 'SECS', 'CSE', 'BSc - Computer Engineering', '14', 'Summer', 2),
(2013, 'SECS', 'CSE', 'BSc - Computer Engineering', '30', 'Autumn', 1),
(2013, 'SECS', 'CSE', 'BSc - Computer Engineering', '35', 'Autumn', 2),
(2013, 'SECS', 'CSE', 'BSc - Computer Engineering', '83', 'Spring', 1),
(2013, 'SECS', 'CSE', 'BSc - Computer Engineering', '26', 'Spring', 2),
(2013, 'SECS', 'CSE', 'BSc - Computer Engineering', '91', 'Summer', 1),
(2013, 'SECS', 'CSE', 'BSc - Computer Engineering', '23', 'Summer', 2),
(2013, 'SECS', 'CSE', 'BSc - Computer Engineering', '41', 'Autumn', 1),
(2013, 'SECS', 'CSE', 'BSc - Computer Engineering', '36', 'Autumn', 2),
(2013, 'SECS', 'CSE', 'BSc - Computer Engineering', '124', 'Spring', 1),
(2013, 'SECS', 'CSE', 'BSc - Computer Engineering', '76', 'Spring', 2),
(2013, 'SECS', 'CSE', 'BSc - Computer Engineering', '8', 'Summer', 1),
(2013, 'SECS', 'CSE', 'BSc - Computer Engineering', '1', 'Summer', 2),
(2013, 'SECS', 'CSE', 'BSc - Computer Engineering', '3', 'Autumn', 1),
(2013, 'SECS', 'CSE', 'BSc - Computer Engineering', '4', 'Autumn', 2),
(2013, 'SECS', 'CSE', 'BSc - Computer Engineering', '4', 'Spring', 1),
(2013, 'SECS', 'CSE', 'BSc - Computer Engineering', '2', 'Spring', 2),
(2013, 'SECS', 'CSE', 'BSc - Computer Engineering', '1', 'Summer', 2),
(2013, 'SECS', 'CSE', 'BSc - Computer Engineering', '3', 'Autumn', 1),
(2013, 'SECS', 'CSE', 'BSc - Computer Engineering', '1', 'Autumn', 2),
(2013, 'SECS', 'CSE', 'BSc - Computer Engineering', '8', 'Spring', 1),
(2013, 'SECS', 'CSE', 'BSc - Computer Engineering', '2', 'Spring', 2),
(2013, 'SECS', 'CSE', 'BSc - Computer Engineering', '1', 'Summer', 1),
(2013, 'SECS', 'CSE', 'BSc - Computer Engineering', '7', 'Autumn', 1),
(2013, 'SECS', 'CSE', 'BSc - Computer Engineering', '2', 'Autumn', 2),
(2013, 'SECS', 'CSE', 'BSc - Computer Engineering', '5', 'Spring', 1),
(2013, 'SECS', 'CSE', 'BSc - Computer Engineering', '3', 'Spring', 2),
(2013, 'SECS', 'CSE', 'BSc - Computer Engineering', '2', 'Summer', 1),
(2013, 'SECS', 'CSE', 'BSc - Computer Engineering', '1', 'Summer', 2),
(2013, 'SECS', 'CSE', 'BSc - Computer Engineering', '3', 'Autumn', 1),
(2013, 'SECS', 'CSE', 'BSc - Computer Engineering', '4', 'Autumn', 2),
(2013, 'SECS', 'CSE', 'BSc - Computer Engineering', '4', 'Spring', 1),
(2013, 'SECS', 'CSE', 'BSc - Computer Engineering', '1', 'Spring', 2),
(2013, 'SECS', 'CSE', 'BSc - Computer Engineering', '7', 'Summer', 1),
(2013, 'SECS', 'CSE', 'BSc - Computer Engineering', '3', 'Summer', 2),
(2013, 'SECS', 'CSE', 'BSc - Computer Engineering', '5', 'Autumn', 1),
(2013, 'SECS', 'CSE', 'BSc - Computer Engineering', '5', 'Autumn', 2),
(2013, 'SECS', 'CSE', 'BSc - Computer Science', '25', 'Summer', 1),
(2013, 'SECS', 'CSE', 'BSc - Computer Science', '11', 'Summer', 2),
(2013, 'SECS', 'CSE', 'BSc - Computer Science', '14', 'Autumn', 1),
(2013, 'SECS', 'CSE', 'BSc - Computer Science', '19', 'Autumn', 2),
(2013, 'SECS', 'CSE', 'BSc - Computer Science', '52', 'Spring', 1),
(2013, 'SECS', 'CSE', 'BSc - Computer Science', '10', 'Spring', 2),
(2013, 'SECS', 'CSE', 'BSc - Computer Science', '50', 'Summer', 1),
(2013, 'SECS', 'CSE', 'BSc - Computer Science', '16', 'Summer', 2),
(2013, 'SECS', 'CSE', 'BSc - Computer Science', '34', 'Autumn', 1),
(2013, 'SECS', 'CSE', 'BSc - Computer Science', '26', 'Autumn', 2),
(2013, 'SECS', 'CSE', 'BSc - Computer Science', '74', 'Spring', 1),
(2013, 'SECS', 'CSE', 'BSc - Computer Science', '56', 'Spring', 2),
(2013, 'SECS', 'CSE', 'BSc - Computer Science', '8', 'Summer', 1),
(2013, 'SECS', 'CSE', 'BSc - Computer Science', '3', 'Summer', 2),
(2013, 'SECS', 'CSE', 'BSc - Computer Science', '11', 'Autumn', 1),
(2013, 'SECS', 'CSE', 'BSc - Computer Science', '1', 'Autumn', 2),
(2013, 'SECS', 'CSE', 'BSc - Computer Science', '8', 'Spring', 1),
(2013, 'SECS', 'CSE', 'BSc - Computer Science', '3', 'Spring', 2),
(2013, 'SECS', 'CSE', 'BSc - Computer Science', '9', 'Summer', 1),
(2013, 'SECS', 'CSE', 'BSc - Computer Science', '7', 'Summer', 2),
(2013, 'SECS', 'CSE', 'BSc - Computer Science', '16', 'Autumn', 1),
(2013, 'SECS', 'CSE', 'BSc - Computer Science', '10', 'Autumn', 2),
(2013, 'SECS', 'CSE', 'BSc - Computer Science', '18', 'Spring', 1),
(2013, 'SECS', 'CSE', 'BSc - Computer Science', '8', 'Spring', 2),
(2013, 'SECS', 'CSE', 'BSc - Computer Science', '13', 'Summer', 1),
(2013, 'SECS', 'CSE', 'BSc - Computer Science', '11', 'Summer', 2),
(2013, 'SECS', 'CSE', 'BSc - Computer Science', '14', 'Autumn', 1),
(2013, 'SECS', 'CSE', 'BSc - Computer Science', '6', 'Autumn', 2),
(2013, 'SECS', 'CSE', 'BSc - Computer Science', '18', 'Spring', 1),
(2013, 'SECS', 'CSE', 'BSc - Computer Science', '13', 'Spring', 2),
(2013, 'SECS', 'CSE', 'BSc - Computer Science', '14', 'Summer', 1),
(2013, 'SECS', 'CSE', 'BSc - Computer Science', '6', 'Summer', 2),
(2013, 'SECS', 'CSE', 'BSc - Computer Science', '3', 'Autumn', 1),
(2013, 'SECS', 'CSE', 'BSc - Computer Science', '19', 'Autumn', 2),
(2013, 'SECS', 'CSE', 'BSc - Computer Science', '12', 'Spring', 1),
(2013, 'SECS', 'CSE', 'BSc - Computer Science', '6', 'Spring', 2),
(2013, 'SECS', 'CSE', 'BSc - Computer Science', '7', 'Summer', 1),
(2013, 'SECS', 'CSE', 'BSc - Computer Science', '6', 'Summer', 2),
(2013, 'SECS', 'CSE', 'BSc - Computer Science', '17', 'Autumn', 1),
(2013, 'SECS', 'CSE', 'BSc - Computer Science', '14', 'Autumn', 2),
(2013, 'SECS', 'CSE', 'BSc - Computer Science and Engineering', '131', 'Summer', 1),
(2014, 'SECS', 'CSE', 'BSc - Computer Science and Engineering', '56', 'Summer', 2),
(2014, 'SECS', 'CSE', 'BSc - Computer Science and Engineering', '75', 'Autumn', 1),
(2014, 'SECS', 'CSE', 'BSc - Computer Science and Engineering', '71', 'Autumn', 2),
(2014, 'SECS', 'CSE', 'BSc - Computer Science and Engineering', '167', 'Spring', 1),
(2014, 'SECS', 'CSE', 'BSc - Computer Science and Engineering', '139', 'Spring', 2),
(2014, 'SECS', 'CSE', 'BSc - Computer Science and Engineering', '161', 'Summer', 1),
(2014, 'SECS', 'CSE', 'BSc - Computer Science and Engineering', '108', 'Summer', 2),
(2014, 'SECS', 'CSE', 'BSc - Computer Science and Engineering', '85', 'Autumn', 1),
(2014, 'SECS', 'CSE', 'BSc - Computer Science and Engineering', '102', 'Autumn', 2),
(2014, 'SECS', 'CSE', 'BSc - Computer Science and Engineering', '220', 'Spring', 1),
(2014, 'SECS', 'CSE', 'BSc - Computer Science and Engineering', '231', 'Spring', 2),
(2014, 'SECS', 'CSE', 'BSc - Computer Science and Engineering', '233', 'Summer', 1),
(2014, 'SECS', 'CSE', 'BSc - Computer Science and Engineering', '119', 'Summer', 2),
(2014, 'SECS', 'CSE', 'BSc - Computer Science and Engineering', '156', 'Autumn', 1),
(2014, 'SECS', 'CSE', 'BSc - Computer Science and Engineering', '85', 'Autumn', 2),
(2014, 'SECS', 'CSE', 'BSc - Computer Science and Engineering', '233', 'Spring', 1),
(2014, 'SECS', 'CSE', 'BSc - Computer Science and Engineering', '276', 'Spring', 2),
(2014, 'SECS', 'CSE', 'BSc - Computer Science and Engineering', '146', 'Summer', 1),
(2014, 'SECS', 'CSE', 'BSc - Computer Science and Engineering', '117', 'Summer', 2),
(2014, 'SECS', 'CSE', 'BSc - Computer Science and Engineering', '99', 'Autumn', 1),
(2014, 'SECS', 'CSE', 'BSc - Computer Science and Engineering', '195', 'Autumn', 2),
(2014, 'SECS', 'CSE', 'BSc - Computer Science and Engineering', '265', 'Spring', 1),
(2014, 'SECS', 'CSE', 'BSc - Computer Science and Engineering', '185', 'Spring', 2),
(2014, 'SECS', 'CSE', 'BSc - Computer Science and Engineering', '190', 'Summer', 1),
(2014, 'SECS', 'CSE', 'BSc - Computer Science and Engineering', '117', 'Summer', 2),
(2014, 'SECS', 'CSE', 'BSc - Computer Science and Engineering', '158', 'Autumn', 1),
(2014, 'SECS', 'CSE', 'BSc - Computer Science and Engineering', '153', 'Autumn', 2),
(2014, 'SECS', 'EEE', 'BSc - Electrical and Electronic Engineering', '82', 'Summer', 1),
(2014, 'SECS', 'EEE', 'BSc - Electrical and Electronic Engineering', '17', 'Summer', 2),
(2014, 'SECS', 'EEE', 'BSc - Electrical and Electronic Engineering', '42', 'Autumn', 1),
(2014, 'SECS', 'EEE', 'BSc - Electrical and Electronic Engineering', '46', 'Autumn', 2),
(2014, 'SECS', 'EEE', 'BSc - Electrical and Electronic Engineering', '84', 'Spring', 1),
(2014, 'SECS', 'EEE', 'BSc - Electrical and Electronic Engineering', '27', 'Spring', 2),
(2014, 'SECS', 'EEE', 'BSc - Electrical and Electronic Engineering', '65', 'Summer', 1),
(2014, 'SECS', 'EEE', 'BSc - Electrical and Electronic Engineering', '31', 'Summer', 2),
(2014, 'SECS', 'EEE', 'BSc - Electrical and Electronic Engineering', '43', 'Autumn', 1),
(2014, 'SECS', 'EEE', 'BSc - Electrical and Electronic Engineering', '41', 'Autumn', 2),
(2014, 'SECS', 'EEE', 'BSc - Electrical and Electronic Engineering', '85', 'Spring', 1),
(2014, 'SECS', 'EEE', 'BSc - Electrical and Electronic Engineering', '83', 'Spring', 2),
(2014, 'SECS', 'EEE', 'BSc - Electrical and Electronic Engineering', '50', 'Summer', 1),
(2014, 'SECS', 'EEE', 'BSc - Electrical and Electronic Engineering', '14', 'Summer', 2),
(2014, 'SECS', 'EEE', 'BSc - Electrical and Electronic Engineering', '29', 'Autumn', 1),
(2014, 'SECS', 'EEE', 'BSc - Electrical and Electronic Engineering', '27', 'Autumn', 2),
(2014, 'SECS', 'EEE', 'BSc - Electrical and Electronic Engineering', '45', 'Spring', 1),
(2014, 'SECS', 'EEE', 'BSc - Electrical and Electronic Engineering', '50', 'Spring', 2),
(2014, 'SECS', 'EEE', 'BSc - Electrical and Electronic Engineering', '35', 'Summer', 1),
(2014, 'SECS', 'EEE', 'BSc - Electrical and Electronic Engineering', '27', 'Summer', 2),
(2014, 'SECS', 'EEE', 'BSc - Electrical and Electronic Engineering', '28', 'Autumn', 1),
(2014, 'SECS', 'EEE', 'BSc - Electrical and Electronic Engineering', '23', 'Autumn', 2),
(2014, 'SECS', 'EEE', 'BSc - Electrical and Electronic Engineering', '60', 'Spring', 1),
(2014, 'SECS', 'EEE', 'BSc - Electrical and Electronic Engineering', '41', 'Spring', 2),
(2014, 'SECS', 'EEE', 'BSc - Electrical and Electronic Engineering', '52', 'Summer', 1),
(2014, 'SECS', 'EEE', 'BSc - Electrical and Electronic Engineering', '18', 'Summer', 2),
(2014, 'SECS', 'EEE', 'BSc - Electrical and Electronic Engineering', '33', 'Autumn', 1),
(2014, 'SECS', 'EEE', 'BSc - Electrical and Electronic Engineering', '25', 'Autumn', 2),
(2014, 'SECS', 'EEE', 'BSc - Electrical and Electronic Engineering', '66', 'Spring', 1),
(2014, 'SECS', 'EEE', 'BSc - Electrical and Electronic Engineering', '75', 'Spring', 2),
(2014, 'SECS', 'EEE', 'BSc - Electrical and Electronic Engineering', '34', 'Summer', 1),
(2014, 'SECS', 'EEE', 'BSc - Electrical and Electronic Engineering', '36', 'Summer', 2),
(2014, 'SECS', 'EEE', 'BSc - Electrical and Electronic Engineering', '18', 'Autumn', 1),
(2014, 'SECS', 'EEE', 'BSc - Electrical and Electronic Engineering', '45', 'Autumn', 2),
(2014, 'SECS', 'EEE', 'BSc - Electrical and Electronic Engineering', '75', 'Spring', 1),
(2014, 'SECS', 'EEE', 'BSc - Electrical and Electronic Engineering', '47', 'Spring', 2),
(2014, 'SECS', 'EEE', 'BSc - Electrical and Electronic Engineering', '53', 'Summer', 1),
(2014, 'SECS', 'EEE', 'BSc - Electrical and Electronic Engineering', '39', 'Summer', 2),
(2014, 'SECS', 'EEE', 'BSc - Electrical and Electronic Engineering', '34', 'Autumn', 1),
(2014, 'SECS', 'EEE', 'BSc - Electrical and Electronic Engineering', '31', 'Autumn', 2),
(2014, 'SECS', 'EEE', 'BSc - Electronic and Telecommunication Engineering', '26', 'Summer', 1),
(2014, 'SECS', 'EEE', 'BSc - Electronic and Telecommunication Engineering', '4', 'Summer', 2),
(2014, 'SECS', 'EEE', 'BSc - Electronic and Telecommunication Engineering', '6', 'Autumn', 1),
(2014, 'SECS', 'EEE', 'BSc - Electronic and Telecommunication Engineering', '14', 'Autumn', 2),
(2014, 'SECS', 'EEE', 'BSc - Electronic and Telecommunication Engineering', '16', 'Spring', 1),
(2014, 'SECS', 'EEE', 'BSc - Electronic and Telecommunication Engineering', '3', 'Spring', 2),
(2014, 'SECS', 'EEE', 'BSc - Electronic and Telecommunication Engineering', '26', 'Summer', 1),
(2014, 'SECS', 'EEE', 'BSc - Electronic and Telecommunication Engineering', '7', 'Summer', 2),
(2014, 'SECS', 'EEE', 'BSc - Electronic and Telecommunication Engineering', '17', 'Autumn', 1),
(2014, 'SECS', 'EEE', 'BSc - Electronic and Telecommunication Engineering', '11', 'Autumn', 2),
(2014, 'SECS', 'EEE', 'BSc - Electronic and Telecommunication Engineering', '37', 'Spring', 1),
(2014, 'SECS', 'EEE', 'BSc - Electronic and Telecommunication Engineering', '22', 'Spring', 2),
(2014, 'SECS', 'EEE', 'BSc - Electronic and Telecommunication Engineering', '10', 'Summer', 1),
(2014, 'SECS', 'EEE', 'BSc - Electronic and Telecommunication Engineering', '5', 'Summer', 2),
(2014, 'SECS', 'EEE', 'BSc - Electronic and Telecommunication Engineering', '8', 'Autumn', 1),
(2014, 'SECS', 'EEE', 'BSc - Electronic and Telecommunication Engineering', '8', 'Autumn', 2),
(2014, 'SECS', 'EEE', 'BSc - Electronic and Telecommunication Engineering', '13', 'Spring', 1),
(2014, 'SECS', 'EEE', 'BSc - Electronic and Telecommunication Engineering', '14', 'Spring', 2),
(2014, 'SECS', 'EEE', 'BSc - Electronic and Telecommunication Engineering', '9', 'Summer', 1),
(2014, 'SECS', 'EEE', 'BSc - Electronic and Telecommunication Engineering', '7', 'Summer', 2),
(2014, 'SECS', 'EEE', 'BSc - Electronic and Telecommunication Engineering', '11', 'Autumn', 1),
(2014, 'SECS', 'EEE', 'BSc - Electronic and Telecommunication Engineering', '6', 'Autumn', 2),
(2014, 'SECS', 'EEE', 'BSc - Electronic and Telecommunication Engineering', '14', 'Spring', 1),
(2014, 'SECS', 'EEE', 'BSc - Electronic and Telecommunication Engineering', '20', 'Spring', 2),
(2014, 'SECS', 'EEE', 'BSc - Electronic and Telecommunication Engineering', '14', 'Summer', 1),
(2014, 'SECS', 'EEE', 'BSc - Electronic and Telecommunication Engineering', '5', 'Summer', 2),
(2014, 'SECS', 'EEE', 'BSc - Electronic and Telecommunication Engineering', '6', 'Autumn', 1),
(2014, 'SECS', 'EEE', 'BSc - Electronic and Telecommunication Engineering', '6', 'Autumn', 2),
(2014, 'SECS', 'EEE', 'BSc - Electronic and Telecommunication Engineering', '11', 'Spring', 1),
(2014, 'SECS', 'EEE', 'BSc - Electronic and Telecommunication Engineering', '11', 'Spring', 2),
(2014, 'SECS', 'EEE', 'BSc - Electronic and Telecommunication Engineering', '10', 'Summer', 1),
(2014, 'SECS', 'EEE', 'BSc - Electronic and Telecommunication Engineering', '2', 'Summer', 2),
(2014, 'SECS', 'EEE', 'BSc - Electronic and Telecommunication Engineering', '5', 'Autumn', 1),
(2014, 'SECS', 'EEE', 'BSc - Electronic and Telecommunication Engineering', '6', 'Autumn', 2),
(2014, 'SECS', 'EEE', 'BSc - Electronic and Telecommunication Engineering', '6', 'Spring', 1),
(2014, 'SECS', 'EEE', 'BSc - Electronic and Telecommunication Engineering', '4', 'Spring', 2),
(2014, 'SECS', 'EEE', 'BSc - Electronic and Telecommunication Engineering', '8', 'Summer', 1),
(2014, 'SECS', 'EEE', 'BSc - Electronic and Telecommunication Engineering', '4', 'Summer', 2),
(2014, 'SECS', 'EEE', 'BSc - Electronic and Telecommunication Engineering', '5', 'Autumn', 1),
(2014, 'SECS', 'EEE', 'BSc - Electronic and Telecommunication Engineering', '2', 'Autumn', 2),
(2014, 'SECS', 'PhySci', 'BSc - Mathematics (Hons)', '1', 'Spring', 2),
(2014, 'SECS', 'PhySci', 'BSc - Mathematics (Hons)', '2', 'Summer', 1),
(2014, 'SECS', 'PhySci', 'BSc - Mathematics (Hons)', '1', 'Autumn', 1),
(2014, 'SECS', 'PhySci', 'BSc - Mathematics (Hons)', '2', 'Spring', 1),
(2014, 'SECS', 'PhySci', 'BSc - Mathematics (Hons)', '1', 'Autumn', 1),
(2014, 'SECS', 'PhySci', 'BSc - Mathematics (Hons)', '3', 'Spring', 1),
(2014, 'SECS', 'PhySci', 'BSc - Mathematics (Hons)', '2', 'Spring', 2),
(2014, 'SECS', 'PhySci', 'BSc - Mathematics (Hons)', '1', 'Summer', 2),
(2014, 'SECS', 'PhySci', 'BSc - Mathematics (Hons)', '2', 'Autumn', 1),
(2014, 'SECS', 'PhySci', 'BSc - Mathematics (Hons)', '3', 'Spring', 1),
(2014, 'SECS', 'PhySci', 'BSc - Mathematics (Hons)', '2', 'Spring', 2),
(2014, 'SECS', 'PhySci', 'BSc - Mathematics (Hons)', '1', 'Summer', 1),
(2014, 'SECS', 'PhySci', 'BSc - Mathematics (Hons)', '1', 'Summer', 2),
(2015, 'SECS', 'PhySci', 'BSc - Mathematics (Hons)', '1', 'Autumn', 1),
(2015, 'SECS', 'PhySci', 'BSc - Physics (Hons)', '2', 'Summer', 2),
(2015, 'SECS', 'PhySci', 'BSc - Physics (Hons)', '1', 'Autumn', 2),
(2015, 'SECS', 'PhySci', 'BSc - Physics (Hons)', '2', 'Spring', 1),
(2015, 'SECS', 'PhySci', 'BSc - Physics (Hons)', '5', 'Spring', 2),
(2015, 'SECS', 'PhySci', 'BSc - Physics (Hons)', '2', 'Summer', 1),
(2015, 'SECS', 'PhySci', 'BSc - Physics (Hons)', '3', 'Summer', 2),
(2015, 'SECS', 'PhySci', 'BSc - Physics (Hons)', '6', 'Autumn', 1),
(2015, 'SECS', 'PhySci', 'BSc - Physics (Hons)', '1', 'Autumn', 2),
(2015, 'SECS', 'PhySci', 'BSc - Physics (Hons)', '3', 'Spring', 1),
(2015, 'SECS', 'PhySci', 'BSc - Physics (Hons)', '1', 'Spring', 2),
(2015, 'SECS', 'PhySci', 'BSc - Physics (Hons)', '3', 'Autumn', 1),
(2015, 'SECS', 'PhySci', 'BSc - Physics (Hons)', '2', 'Autumn', 2),
(2015, 'SECS', 'PhySci', 'BSc - Physics (Hons)', '8', 'Spring', 1),
(2015, 'SECS', 'PhySci', 'BSc - Physics (Hons)', '1', 'Summer', 1),
(2015, 'SECS', 'PhySci', 'BSc - Physics (Hons)', '2', 'Summer', 2),
(2015, 'SECS', 'PhySci', 'BSc - Physics (Hons)', '4', 'Autumn', 1),
(2015, 'SECS', 'PhySci', 'BSc - Physics (Hons)', '3', 'Autumn', 2),
(2015, 'SESM', 'EMgt', 'BSc - Environmental Management', '5', 'Autumn', 1),
(2015, 'SESM', 'EMgt', 'BSc - Environmental Management', '1', 'Autumn', 2),
(2015, 'SESM', 'EMgt', 'BSc - Environmental Management', '2', 'Spring', 1),
(2015, 'SESM', 'EMgt', 'BSc - Environmental Management', '3', 'Spring', 2),
(2015, 'SESM', 'EMgt', 'BSc - Environmental Management', '3', 'Summer', 1),
(2015, 'SESM', 'EMgt', 'BSc - Environmental Management', '2', 'Summer', 2),
(2015, 'SESM', 'EMgt', 'BSc - Environmental Management', '4', 'Autumn', 1),
(2015, 'SESM', 'EMgt', 'BSc - Environmental Management', '2', 'Autumn', 2),
(2015, 'SESM', 'EMgt', 'BSc - Environmental Management', '7', 'Spring', 1),
(2015, 'SESM', 'EMgt', 'BSc - Environmental Management', '3', 'Spring', 2),
(2015, 'SESM', 'EMgt', 'BSc - Environmental Management', '2', 'Summer', 1),
(2015, 'SESM', 'EMgt', 'BSc - Environmental Management', '2', 'Summer', 2),
(2015, 'SESM', 'EMgt', 'BSc - Environmental Management', '2', 'Autumn', 1),
(2015, 'SESM', 'EMgt', 'BSc - Environmental Management', '4', 'Autumn', 2),
(2015, 'SESM', 'EMgt', 'BSc - Environmental Management', '2', 'Spring', 1),
(2015, 'SESM', 'EMgt', 'BSc - Environmental Management', '2', 'Spring', 2),
(2015, 'SESM', 'EMgt', 'BSc - Environmental Management', '2', 'Summer', 1),
(2015, 'SESM', 'EMgt', 'BSc - Environmental Management', '1', 'Summer', 2),
(2015, 'SESM', 'EMgt', 'BSc - Environmental Management', '3', 'Autumn', 2),
(2015, 'SESM', 'EMgt', 'BSc - Environmental Science', '3', 'Summer', 1),
(2015, 'SESM', 'EMgt', 'BSc - Environmental Science', '1', 'Summer', 2),
(2015, 'SESM', 'EMgt', 'BSc - Environmental Science', '6', 'Autumn', 1),
(2015, 'SESM', 'EMgt', 'BSc - Environmental Science', '3', 'Autumn', 2),
(2015, 'SESM', 'EMgt', 'BSc - Environmental Science', '9', 'Spring', 1),
(2015, 'SESM', 'EMgt', 'BSc - Environmental Science', '2', 'Spring', 2),
(2015, 'SESM', 'EMgt', 'BSc - Environmental Science', '5', 'Summer', 1),
(2015, 'SESM', 'EMgt', 'BSc - Environmental Science', '1', 'Summer', 2),
(2015, 'SESM', 'EMgt', 'BSc - Environmental Science', '6', 'Autumn', 1),
(2015, 'SESM', 'EMgt', 'BSc - Environmental Science', '4', 'Autumn', 2),
(2015, 'SESM', 'EMgt', 'BSc - Environmental Science', '13', 'Spring', 1),
(2015, 'SESM', 'EMgt', 'BSc - Environmental Science', '7', 'Spring', 2),
(2015, 'SESM', 'EMgt', 'BSc - Environmental Science', '8', 'Summer', 1),
(2015, 'SESM', 'EMgt', 'BSc - Environmental Science', '1', 'Summer', 2),
(2015, 'SESM', 'EMgt', 'BSc - Environmental Science', '6', 'Autumn', 1),
(2015, 'SESM', 'EMgt', 'BSc - Environmental Science', '5', 'Autumn', 2),
(2015, 'SESM', 'EMgt', 'BSc - Environmental Science', '7', 'Spring', 1),
(2015, 'SESM', 'EMgt', 'BSc - Environmental Science', '1', 'Spring', 2),
(2015, 'SESM', 'EMgt', 'BSc - Environmental Science', '6', 'Summer', 1),
(2015, 'SESM', 'EMgt', 'BSc - Environmental Science', '3', 'Summer', 2),
(2015, 'SESM', 'EMgt', 'BSc - Environmental Science', '17', 'Autumn', 1),
(2015, 'SESM', 'ESc', 'BSc - Environmental Management', '1', 'Autumn', 1),
(2015, 'SESM', 'ESc', 'BSc - Environmental Management', '1', 'Autumn', 2),
(2015, 'SESM', 'ESc', 'BSc - Environmental Management', '2', 'Spring', 1),
(2015, 'SESM', 'ESc', 'BSc - Environmental Management', '1', 'Spring', 2),
(2015, 'SESM', 'ESc', 'BSc - Environmental Management', '1', 'Summer', 1),
(2015, 'SESM', 'ESc', 'BSc - Environmental Management', '1', 'Summer', 2),
(2015, 'SESM', 'ESc', 'BSc - Environmental Management', '3', 'Autumn', 1),
(2015, 'SESM', 'ESc', 'BSc - Environmental Management', '1', 'Autumn', 2),
(2015, 'SESM', 'ESc', 'BSc - Environmental Management', '4', 'Spring', 1),
(2015, 'SESM', 'ESc', 'BSc - Environmental Management', '2', 'Spring', 2),
(2015, 'SESM', 'ESc', 'BSc - Environmental Management', '2', 'Summer', 1),
(2015, 'SESM', 'ESc', 'BSc - Environmental Management', '1', 'Autumn', 1),
(2015, 'SESM', 'ESc', 'BSc - Environmental Management', '1', 'Spring', 1),
(2015, 'SESM', 'ESc', 'BSc - Environmental Management', '7', 'Spring', 2),
(2015, 'SESM', 'ESc', 'BSc - Environmental Management', '3', 'Summer', 1),
(2015, 'SESM', 'ESc', 'BSc - Environmental Management', '2', 'Summer', 2),
(2015, 'SESM', 'ESc', 'BSc - Environmental Management', '5', 'Autumn', 1),
(2015, 'SESM', 'ESc', 'BSc - Environmental Science', '6', 'Autumn', 1),
(2015, 'SESM', 'ESc', 'BSc - Environmental Science', '11', 'Autumn', 2),
(2015, 'SESM', 'ESc', 'BSc - Environmental Science', '14', 'Spring', 1),
(2015, 'SESM', 'ESc', 'BSc - Environmental Science', '14', 'Spring', 2),
(2015, 'SESM', 'ESc', 'BSc - Environmental Science', '13', 'Summer', 1),
(2015, 'SESM', 'ESc', 'BSc - Environmental Science', '7', 'Summer', 2),
(2015, 'SESM', 'ESc', 'BSc - Environmental Science', '19', 'Autumn', 1),
(2015, 'SESM', 'ESc', 'BSc - Environmental Science', '12', 'Autumn', 2),
(2015, 'SESM', 'ESc', 'BSc - Environmental Science', '26', 'Spring', 1),
(2015, 'SESM', 'ESc', 'BSc - Environmental Science', '17', 'Spring', 2),
(2015, 'SESM', 'ESc', 'BSc - Environmental Science', '13', 'Summer', 1),
(2015, 'SESM', 'ESc', 'BSc - Environmental Science', '7', 'Summer', 2),
(2015, 'SESM', 'ESc', 'BSc - Environmental Science', '10', 'Autumn', 1),
(2015, 'SESM', 'ESc', 'BSc - Environmental Science', '10', 'Autumn', 2),
(2015, 'SESM', 'ESc', 'BSc - Environmental Science', '12', 'Spring', 1),
(2015, 'SESM', 'ESc', 'BSc - Environmental Science', '5', 'Spring', 2),
(2015, 'SESM', 'ESc', 'BSc - Environmental Science', '12', 'Summer', 1),
(2015, 'SESM', 'ESc', 'BSc - Environmental Science', '5', 'Summer', 2),
(2015, 'SESM', 'ESc', 'BSc - Environmental Science', '10', 'Autumn', 2),
(2015, 'SESM', 'GSG', 'BSS - Global Studies and Governance', '1', 'Summer', 1),
(2015, 'SESM', 'GSG', 'BSS - Global Studies and Governance', '2', 'Summer', 2),
(2015, 'SESM', 'GSG', 'BSS - Global Studies and Governance', '2', 'Autumn', 1),
(2015, 'SESM', 'GSG', 'BSS - Global Studies and Governance', '2', 'Autumn', 2),
(2015, 'SESM', 'GSG', 'BSS - Global Studies and Governance', '1', 'Summer', 1),
(2015, 'SESM', 'Phar', 'B.Pharm - Pharmacy', '49', 'Summer', 2),
(2015, 'SESM', 'Phar', 'B.Pharm - Pharmacy', '33', 'Autumn', 1),
(2015, 'SESM', 'Phar', 'B.Pharm - Pharmacy', '60', 'Autumn', 2),
(2015, 'SESM', 'Phar', 'B.Pharm - Pharmacy', '127', 'Spring', 1),
(2015, 'SESM', 'Phar', 'B.Pharm - Pharmacy', '104', 'Spring', 2),
(2015, 'SESM', 'Phar', 'B.Pharm - Pharmacy', '103', 'Summer', 1),
(2015, 'SESM', 'Phar', 'B.Pharm - Pharmacy', '65', 'Summer', 2),
(2015, 'SESM', 'Phar', 'B.Pharm - Pharmacy', '53', 'Autumn', 1),
(2015, 'SESM', 'Phar', 'B.Pharm - Pharmacy', '59', 'Autumn', 2),
(2015, 'SESM', 'POP', 'BSc - Population Environment', '1', 'Summer', 1),
(2015, 'SESM', 'POP', 'BSc - Population Environment', '1', 'Spring', 1),
(2015, 'SESM', 'POP', 'BSc - Population Environment', '2', 'Summer', 1),
(2015, 'SESM', 'POP', 'BSc - Population Environment', '1', 'Summer', 2),
(2015, 'SESM', 'POP', 'BSc - Population Environment', '1', 'Autumn', 2),
(2015, 'SESM', 'POP', 'BSc - Population Environment', '2', 'Spring', 1),
(2015, 'SESM', 'POP', 'BSc - Population Environment', '1', 'Autumn', 1),
(2015, 'SLASS', 'Eng', 'BA - English Language Teaching', '8', 'Summer', 1),
(2015, 'SLASS', 'Eng', 'BA - English Language Teaching', '3', 'Autumn', 1),
(2015, 'SLASS', 'Eng', 'BA - English Language Teaching', '3', 'Autumn', 2),
(2015, 'SLASS', 'Eng', 'BA - English Language Teaching', '9', 'Spring', 1),
(2015, 'SLASS', 'Eng', 'BA - English Language Teaching', '2', 'Spring', 2),
(2015, 'SLASS', 'Eng', 'BA - English Language Teaching', '7', 'Summer', 1),
(2015, 'SLASS', 'Eng', 'BA - English Language Teaching', '2', 'Summer', 2),
(2015, 'SLASS', 'Eng', 'BA - English Language Teaching', '6', 'Autumn', 1),
(2015, 'SLASS', 'Eng', 'BA - English Language Teaching', '4', 'Autumn', 2),
(2015, 'SLASS', 'Eng', 'BA - English Language Teaching', '9', 'Spring', 1),
(2015, 'SLASS', 'Eng', 'BA - English Language Teaching', '6', 'Spring', 2),
(2015, 'SLASS', 'Eng', 'BA - English Language Teaching', '7', 'Summer', 1),
(2015, 'SLASS', 'Eng', 'BA - English Language Teaching', '1', 'Summer', 2),
(2015, 'SLASS', 'Eng', 'BA - English Language Teaching', '5', 'Autumn', 1),
(2015, 'SLASS', 'Eng', 'BA - English Language Teaching', '9', 'Autumn', 2),
(2015, 'SLASS', 'Eng', 'BA - English Language Teaching', '10', 'Spring', 1),
(2015, 'SLASS', 'Eng', 'BA - English Language Teaching', '6', 'Spring', 2),
(2015, 'SLASS', 'Eng', 'BA - English Language Teaching', '6', 'Summer', 1),
(2016, 'SLASS', 'Eng', 'BA - English Language Teaching', '7', 'Summer', 2),
(2016, 'SLASS', 'Eng', 'BA - English Language Teaching', '2', 'Autumn', 1),
(2016, 'SLASS', 'Eng', 'BA - English Language Teaching', '8', 'Autumn', 2),
(2016, 'SLASS', 'Eng', 'BA - English Language Teaching', '12', 'Spring', 1),
(2016, 'SLASS', 'Eng', 'BA - English Language Teaching', '14', 'Spring', 2),
(2016, 'SLASS', 'Eng', 'BA - English Language Teaching', '12', 'Summer', 1),
(2016, 'SLASS', 'Eng', 'BA - English Language Teaching', '5', 'Summer', 2),
(2016, 'SLASS', 'Eng', 'BA - English Language Teaching', '10', 'Autumn', 1),
(2016, 'SLASS', 'Eng', 'BA - English Language Teaching', '6', 'Autumn', 2),
(2016, 'SLASS', 'Eng', 'BA - English Language Teaching', '14', 'Spring', 1),
(2016, 'SLASS', 'Eng', 'BA - English Language Teaching', '13', 'Spring', 2),
(2016, 'SLASS', 'ENG', 'BA - English Language Teaching', '4', 'Summer', 1),
(2016, 'SLASS', 'ENG', 'BA - English Language Teaching', '4', 'Summer', 2),
(2016, 'SLASS', 'ENG', 'BA - English Language Teaching', '4', 'Autumn', 1),
(2016, 'SLASS', 'ENG', 'BA - English Language Teaching', '13', 'Autumn', 2),
(2016, 'SLASS', 'ENG', 'BA - English Language Teaching', '13', 'Spring', 1),
(2016, 'SLASS', 'ENG', 'BA - English Language Teaching', '8', 'Spring', 2),
(2016, 'SLASS', 'ENG', 'BA - English Language Teaching', '9', 'Summer', 1),
(2016, 'SLASS', 'ENG', 'BA - English Language Teaching', '6', 'Summer', 2),
(2016, 'SLASS', 'ENG', 'BA - English Language Teaching', '6', 'Autumn', 1),
(2016, 'SLASS', 'ENG', 'BA - English Language Teaching', '1', 'Autumn', 2),
(2016, 'SLASS', 'Eng', 'BA - English Literature', '11', 'Summer', 1),
(2016, 'SLASS', 'Eng', 'BA - English Literature', '6', 'Autumn', 1),
(2016, 'SLASS', 'Eng', 'BA - English Literature', '5', 'Autumn', 2),
(2016, 'SLASS', 'Eng', 'BA - English Literature', '22', 'Spring', 1),
(2016, 'SLASS', 'Eng', 'BA - English Literature', '1', 'Spring', 2),
(2016, 'SLASS', 'Eng', 'BA - English Literature', '8', 'Summer', 1),
(2016, 'SLASS', 'Eng', 'BA - English Literature', '4', 'Summer', 2),
(2016, 'SLASS', 'Eng', 'BA - English Literature', '8', 'Autumn', 1),
(2016, 'SLASS', 'Eng', 'BA - English Literature', '5', 'Autumn', 2),
(2016, 'SLASS', 'Eng', 'BA - English Literature', '26', 'Spring', 1),
(2016, 'SLASS', 'Eng', 'BA - English Literature', '13', 'Spring', 2),
(2016, 'SLASS', 'Eng', 'BA - English Literature', '7', 'Summer', 1),
(2016, 'SLASS', 'Eng', 'BA - English Literature', '5', 'Summer', 2),
(2016, 'SLASS', 'Eng', 'BA - English Literature', '10', 'Autumn', 1),
(2016, 'SLASS', 'Eng', 'BA - English Literature', '8', 'Autumn', 2),
(2016, 'SLASS', 'Eng', 'BA - English Literature', '20', 'Spring', 1),
(2016, 'SLASS', 'Eng', 'BA - English Literature', '8', 'Spring', 2),
(2016, 'SLASS', 'Eng', 'BA - English Literature', '13', 'Summer', 1),
(2016, 'SLASS', 'Eng', 'BA - English Literature', '2', 'Summer', 2),
(2016, 'SLASS', 'Eng', 'BA - English Literature', '13', 'Autumn', 1),
(2016, 'SLASS', 'Eng', 'BA - English Literature', '2', 'Autumn', 2),
(2016, 'SLASS', 'Eng', 'BA - English Literature', '22', 'Spring', 1),
(2016, 'SLASS', 'Eng', 'BA - English Literature', '13', 'Spring', 2),
(2016, 'SLASS', 'Eng', 'BA - English Literature', '18', 'Summer', 1),
(2016, 'SLASS', 'Eng', 'BA - English Literature', '9', 'Summer', 2),
(2016, 'SLASS', 'Eng', 'BA - English Literature', '10', 'Autumn', 1),
(2016, 'SLASS', 'Eng', 'BA - English Literature', '4', 'Autumn', 2),
(2016, 'SLASS', 'Eng', 'BA - English Literature', '24', 'Spring', 1),
(2016, 'SLASS', 'Eng', 'BA - English Literature', '23', 'Spring', 2),
(2016, 'SLASS', 'ENG', 'BA - English Literature', '18', 'Summer', 1),
(2016, 'SLASS', 'ENG', 'BA - English Literature', '7', 'Summer', 2),
(2016, 'SLASS', 'ENG', 'BA - English Literature', '7', 'Autumn', 1),
(2016, 'SLASS', 'ENG', 'BA - English Literature', '11', 'Autumn', 2),
(2016, 'SLASS', 'ENG', 'BA - English Literature', '27', 'Spring', 1),
(2016, 'SLASS', 'ENG', 'BA - English Literature', '12', 'Spring', 2),
(2016, 'SLASS', 'ENG', 'BA - English Literature', '22', 'Summer', 1),
(2016, 'SLASS', 'ENG', 'BA - English Literature', '7', 'Summer', 2),
(2016, 'SLASS', 'ENG', 'BA - English Literature', '17', 'Autumn', 1),
(2016, 'SLASS', 'ENG', 'BA - English Literature', '9', 'Autumn', 2),
(2016, 'SLASS', 'GSG', 'BSS - Global Studies and Governance', '1', 'Summer', 1),
(2016, 'SLASS', 'GSG', 'BSS - Global Studies and Governance', '2', 'Summer', 2),
(2016, 'SLASS', 'GSG', 'BSS - Global Studies and Governance', '1', 'Autumn', 1),
(2016, 'SLASS', 'GSG', 'BSS - Global Studies and Governance', '2', 'Autumn', 2),
(2016, 'SLASS', 'GSG', 'BSS - Global Studies and Governance', '1', 'Spring', 2),
(2016, 'SLASS', 'LAW', 'LLB - Laws (Hons)', '5', 'Autumn', 1),
(2016, 'SLASS', 'LAW', 'LLB - Laws (Hons)', '11', 'Autumn', 2),
(2016, 'SLASS', 'LAW', 'LLB - Laws (Hons)', '26', 'Spring', 1),
(2016, 'SLASS', 'LAW', 'LLB - Laws (Hons)', '24', 'Spring', 2),
(2016, 'SLASS', 'LAW', 'LLB - Laws (Hons)', '12', 'Summer', 1),
(2016, 'SLASS', 'LAW', 'LLB - Laws (Hons)', '4', 'Summer', 2),
(2016, 'SLASS', 'LAW', 'LLB - Laws (Hons)', '13', 'Autumn', 1),
(2016, 'SLASS', 'LAW', 'LLB - Laws (Hons)', '5', 'Autumn', 2),
(2016, 'SLASS', 'LAW', 'LLB - Laws (Hons)', '13', 'Spring', 1),
(2016, 'SLASS', 'LAW', 'LLB - Laws (Hons)', '6', 'Spring', 2),
(2016, 'SLASS', 'LAW', 'LLB - Laws (Hons)', '9', 'Summer', 1),
(2016, 'SLASS', 'LAW', 'LLB - Laws (Hons)', '9', 'Summer', 2),
(2016, 'SLASS', 'LAW', 'LLB - Laws (Hons)', '3', 'Autumn', 1),
(2016, 'SLASS', 'LAW', 'LLB - Laws (Hons)', '6', 'Autumn', 2),
(2016, 'SLASS', 'LAW', 'LLB - Laws (Hons)', '15', 'Spring', 1),
(2016, 'SLASS', 'LAW', 'LLB - Laws (Hons)', '13', 'Spring', 2),
(2016, 'SLASS', 'LAW', 'LLB - Laws (Hons)', '17', 'Summer', 1),
(2016, 'SLASS', 'LAW', 'LLB - Laws (Hons)', '8', 'Summer', 2),
(2016, 'SLASS', 'LAW', 'LLB - Laws (Hons)', '10', 'Autumn', 1),
(2016, 'SLASS', 'LAW', 'LLB - Laws (Hons)', '9', 'Autumn', 2),
(2016, 'SLASS', 'LAW', 'LLB - Laws (Hons)', '25', 'Spring', 1),
(2016, 'SLASS', 'LAW', 'LLB - Laws (Hons)', '22', 'Spring', 2),
(2016, 'SLASS', 'LAW', 'LLB - Laws (Hons)', '13', 'Summer', 1),
(2016, 'SLASS', 'LAW', 'LLB - Laws (Hons)', '18', 'Summer', 2),
(2016, 'SLASS', 'LAW', 'LLB - Laws (Hons)', '11', 'Autumn', 1),
(2016, 'SLASS', 'LAW', 'LLB - Laws (Hons)', '14', 'Autumn', 2),
(2016, 'SLASS', 'LAW', 'LLB - Laws (Hons)', '29', 'Spring', 1),
(2016, 'SLASS', 'LAW', 'LLB - Laws (Hons)', '18', 'Spring', 2),
(2016, 'SLASS', 'LAW', 'LLB - Laws (Hons)', '27', 'Summer', 1),
(2016, 'SLASS', 'LAW', 'LLB - Laws (Hons)', '18', 'Summer', 2),
(2016, 'SLASS', 'LAW', 'LLB - Laws (Hons)', '13', 'Autumn', 1),
(2016, 'SLASS', 'LAW', 'LLB - Laws (Hons)', '24', 'Autumn', 2),
(2016, 'SLASS', 'MED', 'BSS - Media and Communication', '17', 'Summer', 1),
(2016, 'SLASS', 'MED', 'BSS - Media and Communication', '1', 'Summer', 2),
(2016, 'SLASS', 'MED', 'BSS - Media and Communication', '10', 'Autumn', 1),
(2016, 'SLASS', 'MED', 'BSS - Media and Communication', '5', 'Autumn', 2),
(2016, 'SLASS', 'MED', 'BSS - Media and Communication', '36', 'Spring', 1),
(2016, 'SLASS', 'MED', 'BSS - Media and Communication', '7', 'Spring', 2),
(2016, 'SLASS', 'MED', 'BSS - Media and Communication', '13', 'Summer', 1),
(2016, 'SLASS', 'MED', 'BSS - Media and Communication', '5', 'Summer', 2),
(2016, 'SLASS', 'MED', 'BSS - Media and Communication', '22', 'Autumn', 1),
(2016, 'SLASS', 'MED', 'BSS - Media and Communication', '7', 'Autumn', 2),
(2016, 'SLASS', 'MED', 'BSS - Media and Communication', '35', 'Spring', 1),
(2016, 'SLASS', 'MED', 'BSS - Media and Communication', '19', 'Spring', 2),
(2016, 'SLASS', 'MED', 'BSS - Media and Communication', '9', 'Summer', 1),
(2016, 'SLASS', 'MED', 'BSS - Media and Communication', '6', 'Summer', 2),
(2016, 'SLASS', 'MED', 'BSS - Media and Communication', '10', 'Autumn', 1),
(2016, 'SLASS', 'MED', 'BSS - Media and Communication', '7', 'Autumn', 2),
(2016, 'SLASS', 'MED', 'BSS - Media and Communication', '19', 'Spring', 1),
(2016, 'SLASS', 'MED', 'BSS - Media and Communication', '9', 'Spring', 2),
(2016, 'SLASS', 'MED', 'BSS - Media and Communication', '10', 'Summer', 1),
(2016, 'SLASS', 'MED', 'BSS - Media and Communication', '9', 'Summer', 2),
(2016, 'SLASS', 'MED', 'BSS - Media and Communication', '19', 'Autumn', 1),
(2016, 'SLASS', 'MED', 'BSS - Media and Communication', '10', 'Autumn', 2),
(2016, 'SLASS', 'MED', 'BSS - Media and Communication', '16', 'Spring', 1),
(2016, 'SLASS', 'MED', 'BSS - Media and Communication', '18', 'Spring', 2),
(2016, 'SLASS', 'MED', 'BSS - Media and Communication', '16', 'Summer', 1),
(2016, 'SLASS', 'MED', 'BSS - Media and Communication', '11', 'Summer', 2),
(2016, 'SLASS', 'MED', 'BSS - Media and Communication', '15', 'Autumn', 1),
(2016, 'SLASS', 'MED', 'BSS - Media and Communication', '12', 'Autumn', 2),
(2016, 'SLASS', 'MED', 'BSS - Media and Communication', '15', 'Spring', 1),
(2016, 'SLASS', 'MED', 'BSS - Media and Communication', '11', 'Spring', 2),
(2016, 'SLASS', 'MED', 'BSS - Media and Communication', '9', 'Summer', 1),
(2016, 'SLASS', 'MED', 'BSS - Media and Communication', '2', 'Summer', 2),
(2016, 'SLASS', 'MED', 'BSS - Media and Communication', '10', 'Autumn', 1),
(2016, 'SLASS', 'MED', 'BSS - Media and Communication', '9', 'Autumn', 2),
(2016, 'SLASS', 'MED', 'BSS - Media and Communication', '6', 'Spring', 1),
(2016, 'SLASS', 'MED', 'BSS - Media and Communication', '10', 'Spring', 2),
(2016, 'SLASS', 'MED', 'BSS - Media and Communication', '8', 'Summer', 1),
(2016, 'SLASS', 'MED', 'BSS - Media and Communication', '6', 'Summer', 2),
(2016, 'SLASS', 'MED', 'BSS - Media and Communication', '16', 'Autumn', 1),
(2016, 'SLASS', 'MED', 'BSS - Media and Communication', '5', 'Autumn', 2),
(2016, 'SLASS', 'SOC', 'BSS - Anthropology', '2', 'Summer', 1),
(2016, 'SLASS', 'SOC', 'BSS - Anthropology', '1', 'Summer', 2),
(2016, 'SLASS', 'SOC', 'BSS - Anthropology', '1', 'Autumn', 1),
(2016, 'SLASS', 'SOC', 'BSS - Anthropology', '1', 'Autumn', 2),
(2016, 'SLASS', 'SOC', 'BSS - Anthropology', '1', 'Spring', 1),
(2016, 'SLASS', 'SOC', 'BSS - Anthropology', '2', 'Summer', 1),
(2016, 'SLASS', 'SOC', 'BSS - Anthropology', '1', 'Spring', 1),
(2016, 'SLASS', 'SOC', 'BSS - Anthropology', '1', 'Spring', 2),
(2017, 'SLASS', 'SOC', 'BSS - Anthropology', '2', 'Summer', 1),
(2017, 'SLASS', 'SOC', 'BSS - Anthropology', '1', 'Summer', 2),
(2017, 'SLASS', 'SOC', 'BSS - Anthropology', '2', 'Autumn', 1),
(2017, 'SLASS', 'SOC', 'BSS - Anthropology', '1', 'Spring', 2),
(2017, 'SLASS', 'SOC', 'BSS - Anthropology', '1', 'Summer', 1),
(2017, 'SLASS', 'SOC', 'BSS - Anthropology', '2', 'Summer', 2),
(2017, 'SLASS', 'SOC', 'BSS - Anthropology', '1', 'Autumn', 1),
(2017, 'SLASS', 'SOC', 'BSS - Anthropology', '1', 'Spring', 1),
(2017, 'SLASS', 'SOC', 'BSS - Anthropology', '2', 'Summer', 1),
(2017, 'SLASS', 'SOC', 'BSS - Anthropology', '2', 'Summer', 2),
(2017, 'SLASS', 'SOC', 'BSS - Anthropology', '1', 'Autumn', 2),
(2017, 'SLASS', 'SOC', 'BSS - Anthropology', '2', 'Spring', 1),
(2017, 'SLASS', 'SOC', 'BSS - Anthropology', '2', 'Spring', 2),
(2017, 'SLASS', 'SOC', 'BSS - Anthropology', '2', 'Summer', 2),
(2017, 'SLASS', 'SOC', 'BSS - Anthropology', '1', 'Spring', 1),
(2017, 'SLASS', 'SOC', 'BSS - Anthropology', '1', 'Summer', 1),
(2017, 'SLASS', 'SOC', 'BSS - Anthropology', '1', 'Summer', 2),
(2017, 'SLASS', 'SOC', 'BSS - Anthropology', '5', 'Autumn', 1),
(2017, 'SLASS', 'SOC', 'BSS - Global Studies and Governance', '2', 'Autumn', 1),
(2017, 'SLASS', 'SOC', 'BSS - Global Studies and Governance', '1', 'Autumn', 2),
(2017, 'SLASS', 'SOC', 'BSS - Sociology', '1', 'Autumn', 1),
(2017, 'SLASS', 'SOC', 'BSS - Sociology', '2', 'Spring', 1),
(2017, 'SLASS', 'SOC', 'BSS - Sociology', '2', 'Spring', 2),
(2017, 'SLASS', 'SOC', 'BSS - Sociology', '1', 'Autumn', 1),
(2017, 'SLASS', 'SOC', 'BSS - Sociology', '1', 'Spring', 2),
(2017, 'SLASS', 'SOC', 'BSS - Sociology', '1', 'Summer', 1),
(2017, 'SLASS', 'SOC', 'BSS - Sociology', '1', 'Summer', 2),
(2017, 'SLASS', 'SOC', 'BSS - Sociology', '1', 'Autumn', 2),
(2017, 'SLASS', 'SOC', 'BSS - Sociology', '2', 'Spring', 1),
(2017, 'SLASS', 'SOC', 'BSS - Sociology', '1', 'Autumn', 1),
(2017, 'SLASS', 'SOC', 'BSS - Sociology', '1', 'Autumn', 2),
(2017, 'SLASS', 'SOC', 'BSS - Sociology', '3', 'Spring', 1),
(2017, 'SLASS', 'SOC', 'BSS - Sociology', '2', 'Spring', 2),
(2017, 'SLASS', 'SOC', 'BSS - Sociology', '1', 'Summer', 1),
(2017, 'SLASS', 'SOC', 'BSS - Sociology', '1', 'Summer', 2),
(2017, 'SLASS', 'SOC', 'BSS - Sociology', '3', 'Autumn', 2),
(2017, 'SLASS', 'SOC', 'BSS - Sociology', '3', 'Spring', 1),
(2017, 'SLASS', 'SOC', 'BSS - Sociology', '3', 'Summer', 1),
(2017, 'SLASS', 'SOC', 'BSS - Sociology', '1', 'Summer', 2),
(2017, 'SLASS', 'SOC', 'BSS - Sociology', '1', 'Autumn', 2),
(2017, 'SLS', 'SLS', 'BSc - Biochemistry', '2', 'Summer', 1),
(2017, 'SLS', 'SLS', 'BSc - Biochemistry', '1', 'Summer', 2),
(2017, 'SLS', 'SLS', 'BSc - Biochemistry', '3', 'Autumn', 1),
(2017, 'SLS', 'SLS', 'BSc - Biochemistry', '4', 'Autumn', 2),
(2017, 'SLS', 'SLS', 'BSc - Biochemistry', '9', 'Spring', 1),
(2017, 'SLS', 'SLS', 'BSc - Biochemistry', '8', 'Summer', 1),
(2017, 'SLS', 'SLS', 'BSc - Biochemistry', '2', 'Summer', 2),
(2017, 'SLS', 'SLS', 'BSc - Biochemistry', '2', 'Autumn', 1),
(2017, 'SLS', 'SLS', 'BSc - Biochemistry', '10', 'Spring', 1),
(2017, 'SLS', 'SLS', 'BSc - Biochemistry', '5', 'Spring', 2),
(2017, 'SLS', 'SLS', 'BSc - Biochemistry', '5', 'Summer', 1),
(2017, 'SLS', 'SLS', 'BSc - Biochemistry', '2', 'Summer', 2),
(2017, 'SLS', 'SLS', 'BSc - Biochemistry', '6', 'Autumn', 1),
(2017, 'SLS', 'SLS', 'BSc - Biochemistry', '2', 'Autumn', 2),
(2017, 'SLS', 'SLS', 'BSc - Biochemistry', '5', 'Spring', 1),
(2017, 'SLS', 'SLS', 'BSc - Biochemistry', '5', 'Spring', 2),
(2017, 'SLS', 'SLS', 'BSc - Biochemistry', '12', 'Summer', 1),
(2017, 'SLS', 'SLS', 'BSc - Biochemistry', '4', 'Summer', 2),
(2017, 'SLS', 'SLS', 'BSc - Biochemistry', '15', 'Autumn', 1),
(2017, 'SLS', 'SLS', 'BSc - Biochemistry', '12', 'Autumn', 2),
(2017, 'SLS', 'SLS', 'BSc - Biochemistry', '21', 'Spring', 1),
(2017, 'SLS', 'SLS', 'BSc - Biochemistry', '22', 'Spring', 2),
(2017, 'SLS', 'SLS', 'BSc - Biochemistry', '9', 'Summer', 1),
(2017, 'SLS', 'SLS', 'BSc - Biochemistry', '4', 'Summer', 2),
(2017, 'SLS', 'SLS', 'BSc - Biochemistry', '11', 'Autumn', 1),
(2017, 'SLS', 'SLS', 'BSc - Biochemistry', '2', 'Autumn', 2),
(2017, 'SLS', 'SLS', 'BSc - Biochemistry', '18', 'Spring', 1),
(2017, 'SLS', 'SLS', 'BSc - Biochemistry', '17', 'Spring', 2),
(2017, 'SLS', 'SLS', 'BSc - Biochemistry', '12', 'Summer', 1),
(2017, 'SLS', 'SLS', 'BSc - Biochemistry', '3', 'Summer', 2),
(2017, 'SLS', 'SLS', 'BSc - Biochemistry', '11', 'Autumn', 1),
(2017, 'SLS', 'SLS', 'BSc - Biochemistry', '9', 'Autumn', 2),
(2017, 'SLS', 'SLS', 'BSc - Biochemistry', '12', 'Spring', 1),
(2017, 'SLS', 'SLS', 'BSc - Biochemistry', '10', 'Spring', 2),
(2017, 'SLS', 'SLS', 'BSc - Biochemistry', '7', 'Summer', 1),
(2017, 'SLS', 'SLS', 'BSc - Biochemistry', '4', 'Summer', 2),
(2017, 'SLS', 'SLS', 'BSc - Biochemistry', '1', 'Autumn', 1),
(2017, 'SLS', 'SLS', 'BSc - Biochemistry and Biotechnology', '23', 'Autumn', 1),
(2017, 'SLS', 'SLS', 'BSc - Biochemistry and Biotechnology', '9', 'Autumn', 2),
(2017, 'SLS', 'SLS', 'BSc - Microbiology', '16', 'Summer', 1),
(2017, 'SLS', 'SLS', 'BSc - Microbiology', '4', 'Summer', 2),
(2017, 'SLS', 'SLS', 'BSc - Microbiology', '5', 'Autumn', 1),
(2017, 'SLS', 'SLS', 'BSc - Microbiology', '10', 'Autumn', 2),
(2017, 'SLS', 'SLS', 'BSc - Microbiology', '16', 'Spring', 1),
(2017, 'SLS', 'SLS', 'BSc - Microbiology', '4', 'Spring', 2),
(2017, 'SLS', 'SLS', 'BSc - Microbiology', '12', 'Summer', 1),
(2017, 'SLS', 'SLS', 'BSc - Microbiology', '4', 'Summer', 2),
(2017, 'SLS', 'SLS', 'BSc - Microbiology', '5', 'Autumn', 1),
(2017, 'SLS', 'SLS', 'BSc - Microbiology', '4', 'Autumn', 2),
(2017, 'SLS', 'SLS', 'BSc - Microbiology', '36', 'Spring', 1),
(2017, 'SLS', 'SLS', 'BSc - Microbiology', '14', 'Spring', 2),
(2017, 'SLS', 'SLS', 'BSc - Microbiology', '9', 'Summer', 1),
(2017, 'SLS', 'SLS', 'BSc - Microbiology', '3', 'Summer', 2),
(2017, 'SLS', 'SLS', 'BSc - Microbiology', '9', 'Autumn', 1),
(2017, 'SLS', 'SLS', 'BSc - Microbiology', '3', 'Autumn', 2),
(2017, 'SLS', 'SLS', 'BSc - Microbiology', '24', 'Spring', 1),
(2017, 'SLS', 'SLS', 'BSc - Microbiology', '10', 'Spring', 2),
(2017, 'SLS', 'SLS', 'BSc - Microbiology', '13', 'Summer', 1),
(2017, 'SLS', 'SLS', 'BSc - Microbiology', '8', 'Summer', 2),
(2017, 'SLS', 'SLS', 'BSc - Microbiology', '8', 'Autumn', 1),
(2017, 'SLS', 'SLS', 'BSc - Microbiology', '7', 'Autumn', 2),
(2017, 'SLS', 'SLS', 'BSc - Microbiology', '36', 'Spring', 1),
(2017, 'SLS', 'SLS', 'BSc - Microbiology', '24', 'Spring', 2),
(2017, 'SLS', 'SLS', 'BSc - Microbiology', '21', 'Summer', 1),
(2017, 'SLS', 'SLS', 'BSc - Microbiology', '5', 'Summer', 2),
(2017, 'SLS', 'SLS', 'BSc - Microbiology', '17', 'Autumn', 1),
(2017, 'SLS', 'SLS', 'BSc - Microbiology', '8', 'Autumn', 2),
(2017, 'SLS', 'SLS', 'BSc - Microbiology', '39', 'Spring', 1),
(2017, 'SLS', 'SLS', 'BSc - Microbiology', '42', 'Spring', 2),
(2017, 'SLS', 'SLS', 'BSc - Microbiology', '23', 'Summer', 1),
(2017, 'SLS', 'SLS', 'BSc - Microbiology', '18', 'Summer', 2),
(2017, 'SLS', 'SLS', 'BSc - Microbiology', '8', 'Autumn', 1),
(2017, 'SLS', 'SLS', 'BSc - Microbiology', '14', 'Autumn', 2),
(2017, 'SLS', 'SLS', 'BSc - Microbiology', '27', 'Spring', 1),
(2017, 'SLS', 'SLS', 'BSc - Microbiology', '22', 'Spring', 2),
(2017, 'SLS', 'SLS', 'BSc - Microbiology', '23', 'Summer', 1),
(2017, 'SLS', 'SLS', 'BSc - Microbiology', '7', 'Summer', 2),
(2017, 'SLS', 'SLS', 'BSc - Microbiology', '9', 'Autumn', 1),
(2017, 'SLS', 'SLS', 'BSc - Microbiology', '9', 'Autumn', 2),
(2017, 'SoB', 'BBA', 'BBA - Accounting', '129', 'Summer', 1),
(2017, 'SoB', 'BBA', 'BBA - Accounting', '29', 'Summer', 2),
(2017, 'SoB', 'BBA', 'BBA - Accounting', '96', 'Autumn', 1),
(2017, 'SoB', 'BBA', 'BBA - Accounting', '122', 'Autumn', 2),
(2017, 'SoB', 'BBA', 'BBA - Accounting', '204', 'Spring', 1),
(2017, 'SoB', 'BBA', 'BBA - Accounting', '82', 'Spring', 2),
(2017, 'SoB', 'BBA', 'BBA - Accounting', '196', 'Summer', 1),
(2017, 'SoB', 'BBA', 'BBA - Accounting', '81', 'Summer', 2),
(2017, 'SoB', 'BBA', 'BBA - Accounting', '120', 'Autumn', 1),
(2017, 'SoB', 'BBA', 'BBA - Accounting', '105', 'Autumn', 2),
(2017, 'SoB', 'BBA', 'BBA - Accounting', '205', 'Spring', 1),
(2017, 'SoB', 'BBA', 'BBA - Accounting', '111', 'Spring', 2),
(2017, 'SoB', 'BBA', 'BBA - Accounting', '135', 'Summer', 1),
(2017, 'SoB', 'BBA', 'BBA - Accounting', '52', 'Summer', 2),
(2017, 'SoB', 'BBA', 'BBA - Accounting', '83', 'Autumn', 1),
(2017, 'SoB', 'BBA', 'BBA - Accounting', '71', 'Autumn', 2),
(2017, 'SoB', 'BBA', 'BBA - Accounting', '108', 'Spring', 1),
(2017, 'SoB', 'BBA', 'BBA - Accounting', '69', 'Spring', 2),
(2017, 'SoB', 'BBA', 'BBA - Accounting', '69', 'Summer', 1),
(2017, 'SoB', 'BBA', 'BBA - Accounting', '66', 'Summer', 2),
(2017, 'SoB', 'BBA', 'BBA - Accounting', '51', 'Autumn', 1),
(2017, 'SoB', 'BBA', 'BBA - Accounting', '62', 'Autumn', 2),
(2017, 'SoB', 'BBA', 'BBA - Accounting', '111', 'Spring', 1),
(2017, 'SoB', 'BBA', 'BBA - Accounting', '85', 'Spring', 2),
(2017, 'SoB', 'BBA', 'BBA - Accounting', '72', 'Summer', 1),
(2017, 'SoB', 'BBA', 'BBA - Accounting', '26', 'Summer', 2),
(2017, 'SoB', 'BBA', 'BBA - Accounting', '68', 'Autumn', 1),
(2017, 'SoB', 'BBA', 'BBA - Accounting', '53', 'Autumn', 2),
(2017, 'SoB', 'BBA', 'BBA - Accounting', '108', 'Spring', 1),
(2018, 'SoB', 'BBA', 'BBA - Accounting', '60', 'Spring', 2),
(2018, 'SoB', 'BBA', 'BBA - Accounting', '55', 'Summer', 1),
(2018, 'SoB', 'BBA', 'BBA - Accounting', '41', 'Summer', 2),
(2018, 'SoB', 'BBA', 'BBA - Accounting', '38', 'Autumn', 1),
(2018, 'SoB', 'BBA', 'BBA - Accounting', '78', 'Autumn', 2),
(2018, 'SoB', 'BBA', 'BBA - Accounting', '83', 'Spring', 1),
(2018, 'SoB', 'BBA', 'BBA - Accounting', '42', 'Spring', 2),
(2018, 'SoB', 'BBA', 'BBA - Accounting', '43', 'Summer', 1),
(2018, 'SoB', 'BBA', 'BBA - Accounting', '24', 'Summer', 2),
(2018, 'SoB', 'BBA', 'BBA - Accounting', '36', 'Autumn', 1),
(2018, 'SoB', 'BBA', 'BBA - Accounting', '37', 'Autumn', 2),
(2018, 'SoB', 'BBA', 'BBA - Finance', '199', 'Summer', 1),
(2018, 'SoB', 'BBA', 'BBA - Finance', '35', 'Summer', 2),
(2018, 'SoB', 'BBA', 'BBA - Finance', '104', 'Autumn', 1),
(2018, 'SoB', 'BBA', 'BBA - Finance', '101', 'Autumn', 2),
(2018, 'SoB', 'BBA', 'BBA - Finance', '252', 'Spring', 1),
(2018, 'SoB', 'BBA', 'BBA - Finance', '103', 'Spring', 2),
(2018, 'SoB', 'BBA', 'BBA - Finance', '239', 'Summer', 1),
(2018, 'SoB', 'BBA', 'BBA - Finance', '85', 'Summer', 2),
(2018, 'SoB', 'BBA', 'BBA - Finance', '101', 'Autumn', 1),
(2018, 'SoB', 'BBA', 'BBA - Finance', '82', 'Autumn', 2),
(2018, 'SoB', 'BBA', 'BBA - Finance', '280', 'Spring', 1),
(2018, 'SoB', 'BBA', 'BBA - Finance', '135', 'Spring', 2),
(2018, 'SoB', 'BBA', 'BBA - Finance', '143', 'Summer', 1),
(2018, 'SoB', 'BBA', 'BBA - Finance', '58', 'Summer', 2),
(2018, 'SoB', 'BBA', 'BBA - Finance', '79', 'Autumn', 1),
(2018, 'SoB', 'BBA', 'BBA - Finance', '76', 'Autumn', 2),
(2018, 'SoB', 'BBA', 'BBA - Finance', '136', 'Spring', 1),
(2018, 'SoB', 'BBA', 'BBA - Finance', '61', 'Spring', 2),
(2018, 'SoB', 'BBA', 'BBA - Finance', '102', 'Summer', 1),
(2018, 'SoB', 'BBA', 'BBA - Finance', '58', 'Summer', 2),
(2018, 'SoB', 'BBA', 'BBA - Finance', '51', 'Autumn', 1),
(2018, 'SoB', 'BBA', 'BBA - Finance', '60', 'Autumn', 2),
(2018, 'SoB', 'BBA', 'BBA - Finance', '128', 'Spring', 1),
(2018, 'SoB', 'BBA', 'BBA - Finance', '108', 'Spring', 2),
(2018, 'SoB', 'BBA', 'BBA - Finance', '111', 'Summer', 1),
(2018, 'SoB', 'BBA', 'BBA - Finance', '43', 'Summer', 2),
(2018, 'SoB', 'BBA', 'BBA - Finance', '75', 'Autumn', 1),
(2018, 'SoB', 'BBA', 'BBA - Finance', '65', 'Autumn', 2),
(2018, 'SoB', 'BBA', 'BBA - Finance', '113', 'Spring', 1),
(2018, 'SoB', 'BBA', 'BBA - Finance', '117', 'Spring', 2),
(2018, 'SoB', 'BBA', 'BBA - Finance', '68', 'Summer', 1),
(2018, 'SoB', 'BBA', 'BBA - Finance', '42', 'Summer', 2),
(2018, 'SoB', 'BBA', 'BBA - Finance', '44', 'Autumn', 1),
(2018, 'SoB', 'BBA', 'BBA - Finance', '79', 'Autumn', 2),
(2018, 'SoB', 'BBA', 'BBA - Finance', '130', 'Spring', 1),
(2018, 'SoB', 'BBA', 'BBA - Finance', '85', 'Spring', 2),
(2018, 'SoB', 'BBA', 'BBA - Finance', '68', 'Summer', 1),
(2018, 'SoB', 'BBA', 'BBA - Finance', '36', 'Summer', 2),
(2018, 'SoB', 'BBA', 'BBA - Finance', '67', 'Autumn', 1),
(2018, 'SoB', 'BBA', 'BBA - Finance', '53', 'Autumn', 2),
(2018, 'SoB', 'BBA', 'BBA - General Management', '14', 'Summer', 1),
(2018, 'SoB', 'BBA', 'BBA - General Management', '9', 'Summer', 2),
(2018, 'SoB', 'BBA', 'BBA - General Management', '13', 'Autumn', 1),
(2018, 'SoB', 'BBA', 'BBA - General Management', '16', 'Autumn', 2),
(2018, 'SoB', 'BBA', 'BBA - General Management', '35', 'Spring', 1),
(2018, 'SoB', 'BBA', 'BBA - General Management', '19', 'Spring', 2),
(2018, 'SoB', 'BBA', 'BBA - General Management', '25', 'Summer', 1),
(2018, 'SoB', 'BBA', 'BBA - General Management', '8', 'Summer', 2),
(2018, 'SoB', 'BBA', 'BBA - General Management', '21', 'Autumn', 1),
(2018, 'SoB', 'BBA', 'BBA - General Management', '26', 'Autumn', 2),
(2018, 'SoB', 'BBA', 'BBA - General Management', '53', 'Spring', 1),
(2018, 'SoB', 'BBA', 'BBA - General Management', '20', 'Spring', 2),
(2018, 'SoB', 'BBA', 'BBA - General Management', '19', 'Summer', 1),
(2018, 'SoB', 'BBA', 'BBA - General Management', '6', 'Summer', 2),
(2018, 'SoB', 'BBA', 'BBA - General Management', '24', 'Autumn', 1),
(2018, 'SoB', 'BBA', 'BBA - General Management', '17', 'Autumn', 2),
(2018, 'SoB', 'BBA', 'BBA - General Management', '37', 'Spring', 1),
(2018, 'SoB', 'BBA', 'BBA - General Management', '21', 'Spring', 2),
(2018, 'SoB', 'BBA', 'BBA - General Management', '32', 'Summer', 1),
(2018, 'SoB', 'BBA', 'BBA - General Management', '15', 'Summer', 2),
(2018, 'SoB', 'BBA', 'BBA - General Management', '20', 'Autumn', 1),
(2018, 'SoB', 'BBA', 'BBA - General Management', '31', 'Autumn', 2),
(2018, 'SoB', 'BBA', 'BBA - General Management', '61', 'Spring', 1),
(2018, 'SoB', 'BBA', 'BBA - General Management', '70', 'Spring', 2),
(2018, 'SoB', 'BBA', 'BBA - General Management', '53', 'Summer', 1),
(2018, 'SoB', 'BBA', 'BBA - General Management', '18', 'Summer', 2),
(2018, 'SoB', 'BBA', 'BBA - General Management', '54', 'Autumn', 1),
(2018, 'SoB', 'BBA', 'BBA - General Management', '31', 'Autumn', 2),
(2018, 'SoB', 'BBA', 'BBA - General Management', '52', 'Spring', 1),
(2018, 'SoB', 'BBA', 'BBA - General Management', '36', 'Spring', 2),
(2018, 'SoB', 'BBA', 'BBA - General Management', '32', 'Summer', 1),
(2018, 'SoB', 'BBA', 'BBA - General Management', '23', 'Summer', 2),
(2018, 'SoB', 'BBA', 'BBA - General Management', '29', 'Autumn', 1),
(2018, 'SoB', 'BBA', 'BBA - General Management', '41', 'Autumn', 2),
(2018, 'SoB', 'BBA', 'BBA - General Management', '50', 'Spring', 1),
(2018, 'SoB', 'BBA', 'BBA - General Management', '26', 'Spring', 2),
(2018, 'SoB', 'BBA', 'BBA - General Management', '37', 'Summer', 1),
(2018, 'SoB', 'BBA', 'BBA - General Management', '19', 'Summer', 2),
(2018, 'SoB', 'BBA', 'BBA - General Management', '42', 'Autumn', 1),
(2018, 'SoB', 'BBA', 'BBA - General Management', '26', 'Autumn', 2),
(2018, 'SoB', 'BBA', 'BBA - Human Resources Management', '41', 'Summer', 1);
INSERT INTO `admission` (`year`, `schoolcode`, `deptcode`, `majorname`, `noofstudent`, `semester`, `slot`) VALUES
(2018, 'SoB', 'BBA', 'BBA - Human Resources Management', '14', 'Summer', 2),
(2018, 'SoB', 'BBA', 'BBA - Human Resources Management', '19', 'Autumn', 1),
(2018, 'SoB', 'BBA', 'BBA - Human Resources Management', '26', 'Autumn', 2),
(2018, 'SoB', 'BBA', 'BBA - Human Resources Management', '48', 'Spring', 1),
(2018, 'SoB', 'BBA', 'BBA - Human Resources Management', '21', 'Spring', 2),
(2018, 'SoB', 'BBA', 'BBA - Human Resources Management', '34', 'Summer', 1),
(2018, 'SoB', 'BBA', 'BBA - Human Resources Management', '17', 'Summer', 2),
(2018, 'SoB', 'BBA', 'BBA - Human Resources Management', '31', 'Autumn', 1),
(2018, 'SoB', 'BBA', 'BBA - Human Resources Management', '28', 'Autumn', 2),
(2018, 'SoB', 'BBA', 'BBA - Human Resources Management', '70', 'Spring', 1),
(2018, 'SoB', 'BBA', 'BBA - Human Resources Management', '49', 'Spring', 2),
(2018, 'SoB', 'BBA', 'BBA - Human Resources Management', '43', 'Summer', 1),
(2018, 'SoB', 'BBA', 'BBA - Human Resources Management', '25', 'Summer', 2),
(2018, 'SoB', 'BBA', 'BBA - Human Resources Management', '39', 'Autumn', 1),
(2018, 'SoB', 'BBA', 'BBA - Human Resources Management', '31', 'Autumn', 2),
(2018, 'SoB', 'BBA', 'BBA - Human Resources Management', '47', 'Spring', 1),
(2018, 'SoB', 'BBA', 'BBA - Human Resources Management', '30', 'Spring', 2),
(2018, 'SoB', 'BBA', 'BBA - Human Resources Management', '32', 'Summer', 1),
(2018, 'SoB', 'BBA', 'BBA - Human Resources Management', '19', 'Summer', 2),
(2018, 'SoB', 'BBA', 'BBA - Human Resources Management', '33', 'Autumn', 1),
(2018, 'SoB', 'BBA', 'BBA - Human Resources Management', '39', 'Autumn', 2),
(2018, 'SoB', 'BBA', 'BBA - Human Resources Management', '48', 'Spring', 1),
(2018, 'SoB', 'BBA', 'BBA - Human Resources Management', '47', 'Spring', 2),
(2018, 'SoB', 'BBA', 'BBA - Human Resources Management', '53', 'Summer', 1),
(2018, 'SoB', 'BBA', 'BBA - Human Resources Management', '30', 'Summer', 2),
(2018, 'SoB', 'BBA', 'BBA - Human Resources Management', '43', 'Autumn', 1),
(2018, 'SoB', 'BBA', 'BBA - Human Resources Management', '26', 'Autumn', 2),
(2018, 'SoB', 'BBA', 'BBA - Human Resources Management', '44', 'Spring', 1),
(2018, 'SoB', 'BBA', 'BBA - Human Resources Management', '38', 'Spring', 2),
(2018, 'SoB', 'BBA', 'BBA - Human Resources Management', '40', 'Summer', 1),
(2018, 'SoB', 'BBA', 'BBA - Human Resources Management', '30', 'Summer', 2),
(2018, 'SoB', 'BBA', 'BBA - Human Resources Management', '31', 'Autumn', 1),
(2018, 'SoB', 'BBA', 'BBA - Human Resources Management', '59', 'Autumn', 2),
(2018, 'SoB', 'BBA', 'BBA - Human Resources Management', '38', 'Spring', 1),
(2018, 'SoB', 'BBA', 'BBA - Human Resources Management', '26', 'Spring', 2),
(2018, 'SoB', 'BBA', 'BBA - Human Resources Management', '45', 'Summer', 1),
(2018, 'SoB', 'BBA', 'BBA - Human Resources Management', '21', 'Summer', 2),
(2018, 'SoB', 'BBA', 'BBA - Human Resources Management', '55', 'Autumn', 1),
(2018, 'SoB', 'BBA', 'BBA - Human Resources Management', '31', 'Autumn', 2),
(2018, 'SoB', 'BBA', 'BBA - International Business', '23', 'Summer', 1),
(2018, 'SoB', 'BBA', 'BBA - International Business', '3', 'Summer', 2),
(2018, 'SoB', 'BBA', 'BBA - International Business', '18', 'Autumn', 1),
(2018, 'SoB', 'BBA', 'BBA - International Business', '25', 'Autumn', 2),
(2018, 'SoB', 'BBA', 'BBA - International Business', '51', 'Spring', 1),
(2018, 'SoB', 'BBA', 'BBA - International Business', '18', 'Spring', 2),
(2018, 'SoB', 'BBA', 'BBA - International Business', '35', 'Summer', 1),
(2018, 'SoB', 'BBA', 'BBA - International Business', '15', 'Summer', 2),
(2018, 'SoB', 'BBA', 'BBA - International Business', '22', 'Autumn', 1),
(2018, 'SoB', 'BBA', 'BBA - International Business', '14', 'Autumn', 2),
(2018, 'SoB', 'BBA', 'BBA - International Business', '52', 'Spring', 1),
(2018, 'SoB', 'BBA', 'BBA - International Business', '42', 'Spring', 2),
(2018, 'SoB', 'BBA', 'BBA - International Business', '29', 'Summer', 1),
(2018, 'SoB', 'BBA', 'BBA - International Business', '8', 'Summer', 2),
(2018, 'SoB', 'BBA', 'BBA - International Business', '25', 'Autumn', 1),
(2018, 'SoB', 'BBA', 'BBA - International Business', '23', 'Autumn', 2),
(2018, 'SoB', 'BBA', 'BBA - International Business', '30', 'Spring', 1),
(2018, 'SoB', 'BBA', 'BBA - International Business', '28', 'Spring', 2),
(2018, 'SoB', 'BBA', 'BBA - International Business', '30', 'Summer', 1),
(2018, 'SoB', 'BBA', 'BBA - International Business', '29', 'Summer', 2),
(2018, 'SoB', 'BBA', 'BBA - International Business', '28', 'Autumn', 1),
(2018, 'SoB', 'BBA', 'BBA - International Business', '16', 'Autumn', 2),
(2018, 'SoB', 'BBA', 'BBA - International Business', '59', 'Spring', 1),
(2018, 'SoB', 'BBA', 'BBA - International Business', '36', 'Spring', 2),
(2019, 'SoB', 'BBA', 'BBA - International Business', '38', 'Summer', 1),
(2019, 'SoB', 'BBA', 'BBA - International Business', '15', 'Summer', 2),
(2019, 'SoB', 'BBA', 'BBA - International Business', '50', 'Autumn', 1),
(2019, 'SoB', 'BBA', 'BBA - International Business', '18', 'Autumn', 2),
(2019, 'SoB', 'BBA', 'BBA - International Business', '49', 'Spring', 1),
(2019, 'SoB', 'BBA', 'BBA - International Business', '37', 'Spring', 2),
(2019, 'SoB', 'BBA', 'BBA - International Business', '36', 'Summer', 1),
(2019, 'SoB', 'BBA', 'BBA - International Business', '33', 'Summer', 2),
(2019, 'SoB', 'BBA', 'BBA - International Business', '23', 'Autumn', 1),
(2019, 'SoB', 'BBA', 'BBA - International Business', '43', 'Autumn', 2),
(2019, 'SoB', 'BBA', 'BBA - International Business', '43', 'Spring', 1),
(2019, 'SoB', 'BBA', 'BBA - International Business', '34', 'Spring', 2),
(2019, 'SoB', 'BBA', 'BBA - International Business', '26', 'Summer', 1),
(2019, 'SoB', 'BBA', 'BBA - International Business', '22', 'Summer', 2),
(2019, 'SoB', 'BBA', 'BBA - International Business', '30', 'Autumn', 1),
(2019, 'SoB', 'BBA', 'BBA - International Business', '18', 'Autumn', 2),
(2019, 'SoB', 'BBA', 'BBA - Investment Management', '3', 'Summer', 1),
(2019, 'SoB', 'BBA', 'BBA - Investment Management', '2', 'Autumn', 1),
(2019, 'SoB', 'BBA', 'BBA - Investment Management', '2', 'Autumn', 2),
(2019, 'SoB', 'BBA', 'BBA - Investment Management', '1', 'Spring', 1),
(2019, 'SoB', 'BBA', 'BBA - Investment Management', '1', 'Summer', 1),
(2019, 'SoB', 'BBA', 'BBA - Investment Management', '1', 'Autumn', 1),
(2019, 'SoB', 'BBA', 'BBA - Investment Management', '3', 'Spring', 1),
(2019, 'SoB', 'BBA', 'BBA - Investment Management', '1', 'Spring', 2),
(2019, 'SoB', 'BBA', 'BBA - Investment Management', '2', 'Autumn', 1),
(2019, 'SoB', 'BBA', 'BBA - Investment Management', '5', 'Spring', 1),
(2019, 'SoB', 'BBA', 'BBA - Investment Management', '3', 'Spring', 2),
(2019, 'SoB', 'BBA', 'BBA - Investment Management', '1', 'Autumn', 1),
(2019, 'SoB', 'BBA', 'BBA - Investment Management', '2', 'Autumn', 2),
(2019, 'SoB', 'BBA', 'BBA - Investment Management', '2', 'Spring', 1),
(2019, 'SoB', 'BBA', 'BBA - Investment Management', '1', 'Spring', 2),
(2019, 'SoB', 'BBA', 'BBA - Investment Management', '1', 'Summer', 1),
(2019, 'SoB', 'BBA', 'BBA - Investment Management', '1', 'Autumn', 2),
(2019, 'SoB', 'BBA', 'BBA - Investment Management', '4', 'Spring', 1),
(2019, 'SoB', 'BBA', 'BBA - Investment Management', '1', 'Spring', 2),
(2019, 'SoB', 'BBA', 'BBA - Investment Management', '1', 'Summer', 1),
(2019, 'SoB', 'BBA', 'BBA - Investment Management', '1', 'Summer', 2),
(2019, 'SoB', 'BBA', 'BBA - Investment Management', '2', 'Spring', 1),
(2019, 'SoB', 'BBA', 'BBA - Investment Management', '2', 'Spring', 2),
(2019, 'SoB', 'BBA', 'BBA - Investment Management', '2', 'Autumn', 1),
(2019, 'SoB', 'BBA', 'BBA - Investment Management', '2', 'Autumn', 2),
(2019, 'SoB', 'BBA', 'BBA - Management Information Systems', '10', 'Summer', 1),
(2019, 'SoB', 'BBA', 'BBA - Management Information Systems', '3', 'Summer', 2),
(2019, 'SoB', 'BBA', 'BBA - Management Information Systems', '4', 'Autumn', 1),
(2019, 'SoB', 'BBA', 'BBA - Management Information Systems', '2', 'Autumn', 2),
(2019, 'SoB', 'BBA', 'BBA - Management Information Systems', '6', 'Spring', 1),
(2019, 'SoB', 'BBA', 'BBA - Management Information Systems', '4', 'Spring', 2),
(2019, 'SoB', 'BBA', 'BBA - Management Information Systems', '9', 'Summer', 1),
(2019, 'SoB', 'BBA', 'BBA - Management Information Systems', '3', 'Summer', 2),
(2019, 'SoB', 'BBA', 'BBA - Management Information Systems', '10', 'Autumn', 1),
(2019, 'SoB', 'BBA', 'BBA - Management Information Systems', '7', 'Autumn', 2),
(2019, 'SoB', 'BBA', 'BBA - Management Information Systems', '18', 'Spring', 1),
(2019, 'SoB', 'BBA', 'BBA - Management Information Systems', '10', 'Spring', 2),
(2019, 'SoB', 'BBA', 'BBA - Management Information Systems', '12', 'Summer', 1),
(2019, 'SoB', 'BBA', 'BBA - Management Information Systems', '3', 'Summer', 2),
(2019, 'SoB', 'BBA', 'BBA - Management Information Systems', '5', 'Autumn', 1),
(2019, 'SoB', 'BBA', 'BBA - Management Information Systems', '2', 'Autumn', 2),
(2019, 'SoB', 'BBA', 'BBA - Management Information Systems', '16', 'Spring', 1),
(2019, 'SoB', 'BBA', 'BBA - Management Information Systems', '9', 'Spring', 2),
(2019, 'SoB', 'BBA', 'BBA - Management Information Systems', '3', 'Summer', 1),
(2019, 'SoB', 'BBA', 'BBA - Management Information Systems', '5', 'Summer', 2),
(2019, 'SoB', 'BBA', 'BBA - Management Information Systems', '11', 'Autumn', 1),
(2019, 'SoB', 'BBA', 'BBA - Management Information Systems', '11', 'Autumn', 2),
(2019, 'SoB', 'BBA', 'BBA - Management Information Systems', '23', 'Spring', 1),
(2019, 'SoB', 'BBA', 'BBA - Management Information Systems', '11', 'Spring', 2),
(2019, 'SoB', 'BBA', 'BBA - Management Information Systems', '6', 'Summer', 1),
(2019, 'SoB', 'BBA', 'BBA - Management Information Systems', '4', 'Summer', 2),
(2019, 'SoB', 'BBA', 'BBA - Management Information Systems', '16', 'Autumn', 1),
(2019, 'SoB', 'BBA', 'BBA - Management Information Systems', '9', 'Autumn', 2),
(2019, 'SoB', 'BBA', 'BBA - Management Information Systems', '12', 'Spring', 1),
(2019, 'SoB', 'BBA', 'BBA - Management Information Systems', '8', 'Spring', 2),
(2019, 'SoB', 'BBA', 'BBA - Management Information Systems', '9', 'Summer', 1),
(2019, 'SoB', 'BBA', 'BBA - Management Information Systems', '11', 'Summer', 2),
(2019, 'SoB', 'BBA', 'BBA - Management Information Systems', '9', 'Autumn', 1),
(2019, 'SoB', 'BBA', 'BBA - Management Information Systems', '10', 'Autumn', 2),
(2019, 'SoB', 'BBA', 'BBA - Management Information Systems', '20', 'Spring', 1),
(2019, 'SoB', 'BBA', 'BBA - Management Information Systems', '10', 'Spring', 2),
(2019, 'SoB', 'BBA', 'BBA - Management Information Systems', '7', 'Summer', 1),
(2019, 'SoB', 'BBA', 'BBA - Management Information Systems', '1', 'Summer', 2),
(2019, 'SoB', 'BBA', 'BBA - Management Information Systems', '16', 'Autumn', 1),
(2019, 'SoB', 'BBA', 'BBA - Management Information Systems', '11', 'Autumn', 2),
(2019, 'SoB', 'BBA', 'BBA - Marketing', '84', 'Summer', 1),
(2019, 'SoB', 'BBA', 'BBA - Marketing', '24', 'Summer', 2),
(2019, 'SoB', 'BBA', 'BBA - Marketing', '57', 'Autumn', 1),
(2019, 'SoB', 'BBA', 'BBA - Marketing', '46', 'Autumn', 2),
(2019, 'SoB', 'BBA', 'BBA - Marketing', '119', 'Spring', 1),
(2019, 'SoB', 'BBA', 'BBA - Marketing', '58', 'Spring', 2),
(2019, 'SoB', 'BBA', 'BBA - Marketing', '115', 'Summer', 1),
(2019, 'SoB', 'BBA', 'BBA - Marketing', '47', 'Summer', 2),
(2019, 'SoB', 'BBA', 'BBA - Marketing', '80', 'Autumn', 1),
(2019, 'SoB', 'BBA', 'BBA - Marketing', '64', 'Autumn', 2),
(2019, 'SoB', 'BBA', 'BBA - Marketing', '143', 'Spring', 1),
(2019, 'SoB', 'BBA', 'BBA - Marketing', '95', 'Spring', 2),
(2019, 'SoB', 'BBA', 'BBA - Marketing', '66', 'Summer', 1),
(2019, 'SoB', 'BBA', 'BBA - Marketing', '23', 'Summer', 2),
(2019, 'SoB', 'BBA', 'BBA - Marketing', '80', 'Autumn', 1),
(2019, 'SoB', 'BBA', 'BBA - Marketing', '63', 'Autumn', 2),
(2019, 'SoB', 'BBA', 'BBA - Marketing', '95', 'Spring', 1),
(2019, 'SoB', 'BBA', 'BBA - Marketing', '34', 'Spring', 2),
(2019, 'SoB', 'BBA', 'BBA - Marketing', '69', 'Summer', 1),
(2019, 'SoB', 'BBA', 'BBA - Marketing', '66', 'Summer', 2),
(2019, 'SoB', 'BBA', 'BBA - Marketing', '62', 'Autumn', 1),
(2019, 'SoB', 'BBA', 'BBA - Marketing', '89', 'Autumn', 2),
(2019, 'SoB', 'BBA', 'BBA - Marketing', '120', 'Spring', 1),
(2019, 'SoB', 'BBA', 'BBA - Marketing', '106', 'Spring', 2),
(2019, 'SoB', 'BBA', 'BBA - Marketing', '122', 'Summer', 1),
(2019, 'SoB', 'BBA', 'BBA - Marketing', '70', 'Summer', 2),
(2019, 'SoB', 'BBA', 'BBA - Marketing', '95', 'Autumn', 1),
(2019, 'SoB', 'BBA', 'BBA - Marketing', '69', 'Autumn', 2),
(2019, 'SoB', 'BBA', 'BBA - Marketing', '119', 'Spring', 1),
(2019, 'SoB', 'BBA', 'BBA - Marketing', '93', 'Spring', 2),
(2019, 'SoB', 'BBA', 'BBA - Marketing', '86', 'Summer', 1),
(2019, 'SoB', 'BBA', 'BBA - Marketing', '69', 'Summer', 2),
(2019, 'SoB', 'BBA', 'BBA - Marketing', '54', 'Autumn', 1),
(2019, 'SoB', 'BBA', 'BBA - Marketing', '101', 'Autumn', 2),
(2019, 'SoB', 'BBA', 'BBA - Marketing', '123', 'Spring', 1),
(2019, 'SoB', 'BBA', 'BBA - Marketing', '60', 'Spring', 2),
(2019, 'SoB', 'BBA', 'BBA - Marketing', '63', 'Summer', 1),
(2019, 'SoB', 'BBA', 'BBA - Marketing', '32', 'Summer', 2),
(2019, 'SoB', 'BBA', 'BBA - Marketing', '82', 'Autumn', 1),
(2019, 'SoB', 'BBA', 'BBA - Marketing', '62', 'Autumn', 2),
(2019, 'SoB', 'ECO', 'BSc - Economics', '11', 'Summer', 1),
(2019, 'SoB', 'ECO', 'BSc - Economics', '10', 'Autumn', 1),
(2019, 'SoB', 'ECO', 'BSc - Economics', '6', 'Autumn', 2),
(2019, 'SoB', 'ECO', 'BSc - Economics', '11', 'Spring', 1),
(2019, 'SoB', 'ECO', 'BSc - Economics', '3', 'Spring', 2),
(2019, 'SoB', 'ECO', 'BSc - Economics', '11', 'Summer', 1),
(2019, 'SoB', 'ECO', 'BSc - Economics', '3', 'Summer', 2),
(2019, 'SoB', 'ECO', 'BSc - Economics', '8', 'Autumn', 1),
(2019, 'SoB', 'ECO', 'BSc - Economics', '7', 'Autumn', 2),
(2019, 'SoB', 'ECO', 'BSc - Economics', '18', 'Spring', 1),
(2019, 'SoB', 'ECO', 'BSc - Economics', '6', 'Spring', 2),
(2019, 'SoB', 'ECO', 'BSc - Economics', '13', 'Summer', 1),
(2019, 'SoB', 'ECO', 'BSc - Economics', '4', 'Summer', 2),
(2019, 'SoB', 'ECO', 'BSc - Economics', '14', 'Autumn', 1),
(2019, 'SoB', 'ECO', 'BSc - Economics', '7', 'Autumn', 2),
(2019, 'SoB', 'ECO', 'BSc - Economics', '11', 'Spring', 1),
(2019, 'SoB', 'ECO', 'BSc - Economics', '6', 'Spring', 2),
(2019, 'SoB', 'ECO', 'BSc - Economics', '14', 'Summer', 1),
(2019, 'SoB', 'ECO', 'BSc - Economics', '5', 'Summer', 2),
(2019, 'SoB', 'ECO', 'BSc - Economics', '9', 'Autumn', 1),
(2019, 'SoB', 'ECO', 'BSc - Economics', '12', 'Autumn', 2),
(2019, 'SoB', 'ECO', 'BSc - Economics', '18', 'Spring', 1),
(2019, 'SoB', 'ECO', 'BSc - Economics', '9', 'Spring', 2),
(2019, 'SoB', 'ECO', 'BSc - Economics', '17', 'Summer', 1),
(2019, 'SoB', 'ECO', 'BSc - Economics', '7', 'Summer', 2),
(2019, 'SoB', 'ECO', 'BSc - Economics', '7', 'Autumn', 1),
(2019, 'SoB', 'ECO', 'BSc - Economics', '9', 'Autumn', 2),
(2019, 'SoB', 'ECO', 'BSc - Economics', '12', 'Spring', 1),
(2019, 'SoB', 'ECO', 'BSc - Economics', '11', 'Spring', 2),
(2019, 'SoB', 'ECO', 'BSc - Economics', '17', 'Summer', 1),
(2019, 'SoB', 'ECO', 'BSc - Economics', '6', 'Summer', 2),
(2019, 'SoB', 'ECO', 'BSc - Economics', '10', 'Autumn', 1),
(2019, 'SoB', 'ECO', 'BSc - Economics', '6', 'Autumn', 2),
(2019, 'SoB', 'ECO', 'BSc - Economics', '9', 'Spring', 1),
(2019, 'SoB', 'ECO', 'BSc - Economics', '9', 'Spring', 2),
(2019, 'SoB', 'ECO', 'BSc - Economics', '5', 'Summer', 1),
(2019, 'SoB', 'ECO', 'BSc - Economics', '3', 'Summer', 2),
(2019, 'SoB', 'ECO', 'BSc - Economics', '12', 'Autumn', 1),
(2019, 'SoB', 'ECO', 'BSc - Economics', '5', 'Autumn', 2);

-- --------------------------------------------------------

--
-- Table structure for table `department`
--

CREATE TABLE IF NOT EXISTS `department` (
  `deptcode` varchar(7) NOT NULL,
  `schoolcode` varchar(6) NOT NULL,
  `headid` int(4) NOT NULL
) ENGINE=InnoDB DEFAULT CHARSET=latin1;

--
-- Dumping data for table `department`
--

INSERT INTO `department` (`deptcode`, `schoolcode`, `headid`) VALUES
('BBA', 'SoB', 4014),
('CSE', 'SECS', 4001),
('ECO', 'SoB', 4015),
('EEE', 'SECS', 4002),
('EMgt', 'SESM', 4004),
('Eng', 'SLASS', 4009),
('ESc', 'SESM', 4005),
('GSG', 'SLASS', 4006),
('LAW', 'SLASS', 4010),
('MED', 'SLASS', 4011),
('Phar', 'SESM', 4007),
('PhySci', 'SECS', 4003),
('POP', 'SESM', 4008),
('SLS', 'SLS', 4013),
('SOC', 'SLASS', 4012);

-- --------------------------------------------------------

--
-- Table structure for table `major`
--

CREATE TABLE IF NOT EXISTS `major` (
  `majorid` int(4) NOT NULL,
  `majorname` varchar(50) NOT NULL,
  `deptcode` varchar(7) NOT NULL
) ENGINE=InnoDB DEFAULT CHARSET=latin1;

--
-- Dumping data for table `major`
--

INSERT INTO `major` (`majorid`, `majorname`, `deptcode`) VALUES
(101, 'BSc - Computer Engineering', 'CSE'),
(102, 'BSc - Computer Science', 'CSE'),
(103, 'BSc - Computer Science and Engineering', 'CSE'),
(104, 'BSc - Electrical and Electronic Engineering', 'EEE'),
(105, 'BSc - Electronic and Telecommunication Engineering', 'EEE'),
(106, 'BSc - Mathematics (Hons)', 'PhySci'),
(107, 'BSc - Physics (Hons)', 'PhySci'),
(108, 'BSc - Environmental Management', 'EMgt'),
(109, 'BSc - Environmental Science', 'EMgt'),
(110, 'BSc - Environmental Management', 'ESc'),
(111, 'BSc - Environmental Science', 'ESc'),
(112, 'BSS - Global Studies and Governance', 'GSG'),
(113, 'B.Pharm - Pharmacy', 'Phar'),
(114, 'BSc - Population Environment', 'POP'),
(115, 'BA - English Language Teaching', 'Eng'),
(116, 'BA - English Literature', 'Eng'),
(117, 'LLB - Laws (Hons)', 'LAW'),
(118, 'BSS - Media and Communication', 'MED'),
(119, 'BSS - Anthropology', 'SOC'),
(120, 'BSS - Global Studies and Governance', 'SOC'),
(121, 'BSS - Sociology', 'SOC'),
(122, 'BSc - Biochemistry', 'SLS'),
(123, 'BSc - Biochemistry and Biotechnology', 'SLS'),
(124, 'BSc - Microbiology', 'SLS'),
(125, 'BBA - Accounting', 'BBA');

-- --------------------------------------------------------

--
-- Table structure for table `school`
--

CREATE TABLE IF NOT EXISTS `school` (
  `schoolcode` varchar(6) NOT NULL,
  `schoolname` varchar(50) NOT NULL,
  `deanid` int(4) NOT NULL
) ENGINE=InnoDB DEFAULT CHARSET=latin1;

--
-- Dumping data for table `school`
--

INSERT INTO `school` (`schoolcode`, `schoolname`, `deanid`) VALUES
('SECS', 'School of Engineering & Computer Science', 5001),
('SESM', 'School of Environmental Science & Management', 5002),
('SLASS', 'School of Liberal Arts & Social Sciences', 5003),
('SLS', 'School of Life Sciences', 5004),
('SoB', 'School of Business', 5005),
('SPH', 'School of Public Health', 5006);

-- --------------------------------------------------------

--
-- Table structure for table `user`
--

CREATE TABLE IF NOT EXISTS `user` (
`userid` int(4) NOT NULL,
  `username` varchar(50) NOT NULL,
  `groupname` varchar(15) NOT NULL,
  `email` varchar(50) NOT NULL,
  `password` varchar(12) NOT NULL
) ENGINE=InnoDB  DEFAULT CHARSET=latin1 AUTO_INCREMENT=5007 ;

--
-- Dumping data for table `user`
--

INSERT INTO `user` (`userid`, `username`, `groupname`, `email`, `password`) VALUES
(1001, 'Farhan Shahriar Rimu', 'Admin', '1001@admin.com', '1234'),
(5001, 'Prof. Mohammed Anwer', 'Dean', 'anwer@iub.edu.bd', '12'),
(5003, 'PROF. DR. IMTIAZ A HUSSAIN', 'Dean', 'imtiaz@iub.edu.bd', '11'),
(5004, 'Prof. Rita Yusuf', 'Dean', 'yusuf@iub.edu.bd', '25'),
(5005, 'Prof. Dr.Mohd Aminul Karim', 'Dean', 'aminulkarim@iub.edu.bd', '10'),
(5006, 'Dr. M. Omar Rahman', 'Dean', 'omarrahman@iub.edu.bd', '32');

--
-- Indexes for dumped tables
--

--
-- Indexes for table `department`
--
ALTER TABLE `department`
 ADD PRIMARY KEY (`deptcode`);

--
-- Indexes for table `major`
--
ALTER TABLE `major`
 ADD PRIMARY KEY (`majorid`);

--
-- Indexes for table `school`
--
ALTER TABLE `school`
 ADD PRIMARY KEY (`schoolcode`);

--
-- Indexes for table `user`
--
ALTER TABLE `user`
 ADD PRIMARY KEY (`userid`);

--
-- AUTO_INCREMENT for dumped tables
--

--
-- AUTO_INCREMENT for table `user`
--
ALTER TABLE `user`
MODIFY `userid` int(4) NOT NULL AUTO_INCREMENT,AUTO_INCREMENT=5007;
/*!40101 SET CHARACTER_SET_CLIENT=@OLD_CHARACTER_SET_CLIENT */;
/*!40101 SET CHARACTER_SET_RESULTS=@OLD_CHARACTER_SET_RESULTS */;
/*!40101 SET COLLATION_CONNECTION=@OLD_COLLATION_CONNECTION */;
